A1A1	12288	　
A1A2	12289	、
A1A3	12290	。
A1A4	12539	・
A1A5	713	ˉ
A1A6	711	ˇ
A1A7	168	¨
A1A8	12291	〃
A1A9	12293	々
A1AA	8213	―
A1AB	65374	～
A1AC	8214	‖
A1AD	8230	…
A1AE	8216	‘
A1AF	8217	’
A1B0	8220	“
A1B1	8221	”
A1B2	12308	〔
A1B3	12309	〕
A1B4	12296	〈
A1B5	12297	〉
A1B6	12298	《
A1B7	12299	》
A1B8	12300	「
A1B9	12301	」
A1BA	12302	『
A1BB	12303	』
A1BC	12310	〖
A1BD	12311	〗
A1BE	12304	【
A1BF	12305	】
A1C0	177	±
A1C1	215	×
A1C2	247	÷
A1C3	8758	∶
A1C4	8743	∧
A1C5	8744	∨
A1C6	8721	∑
A1C7	8719	∏
A1C8	8746	∪
A1C9	8745	∩
A1CA	8712	∈
A1CB	8759	∷
A1CC	8730	√
A1CD	8869	⊥
A1CE	8741	∥
A1CF	8736	∠
A1D0	8978	⌒
A1D1	8857	⊙
A1D2	8747	∫
A1D3	8750	∮
A1D4	8801	≡
A1D5	8780	≌
A1D6	8776	≈
A1D7	8765	∽
A1D8	8733	∝
A1D9	8800	≠
A1DA	8814	≮
A1DB	8815	≯
A1DC	8804	≤
A1DD	8805	≥
A1DE	8734	∞
A1DF	8757	∵
A1E0	8756	∴
A1E1	9794	♂
A1E2	9792	♀
A1E3	176	°
A1E4	8242	′
A1E5	8243	″
A1E6	8451	℃
A1E7	65284	＄
A1E8	164	¤
A1E9	65504	￠
A1EA	65505	￡
A1EB	8240	‰
A1EC	167	§
A1ED	8470	№
A1EE	9734	☆
A1EF	9733	★
A1F0	9675	○
A1F1	9679	●
A1F2	9678	◎
A1F3	9671	◇
A1F4	9670	◆
A1F5	9633	□
A1F6	9632	■
A1F7	9651	△
A1F8	9650	▲
A1F9	8251	※
A1FA	8594	→
A1FB	8592	←
A1FC	8593	↑
A1FD	8595	↓
A1FE	12307	〓
A2B1	9352	⒈
A2B2	9353	⒉
A2B3	9354	⒊
A2B4	9355	⒋
A2B5	9356	⒌
A2B6	9357	⒍
A2B7	9358	⒎
A2B8	9359	⒏
A2B9	9360	⒐
A2BA	9361	⒑
A2BB	9362	⒒
A2BC	9363	⒓
A2BD	9364	⒔
A2BE	9365	⒕
A2BF	9366	⒖
A2C0	9367	⒗
A2C1	9368	⒘
A2C2	9369	⒙
A2C3	9370	⒚
A2C4	9371	⒛
A2C5	9332	⑴
A2C6	9333	⑵
A2C7	9334	⑶
A2C8	9335	⑷
A2C9	9336	⑸
A2CA	9337	⑹
A2CB	9338	⑺
A2CC	9339	⑻
A2CD	9340	⑼
A2CE	9341	⑽
A2CF	9342	⑾
A2D0	9343	⑿
A2D1	9344	⒀
A2D2	9345	⒁
A2D3	9346	⒂
A2D4	9347	⒃
A2D5	9348	⒄
A2D6	9349	⒅
A2D7	9350	⒆
A2D8	9351	⒇
A2D9	9312	①
A2DA	9313	②
A2DB	9314	③
A2DC	9315	④
A2DD	9316	⑤
A2DE	9317	⑥
A2DF	9318	⑦
A2E0	9319	⑧
A2E1	9320	⑨
A2E2	9321	⑩
A2E5	12832	㈠
A2E6	12833	㈡
A2E7	12834	㈢
A2E8	12835	㈣
A2E9	12836	㈤
A2EA	12837	㈥
A2EB	12838	㈦
A2EC	12839	㈧
A2ED	12840	㈨
A2EE	12841	㈩
A2F1	8544	Ⅰ
A2F2	8545	Ⅱ
A2F3	8546	Ⅲ
A2F4	8547	Ⅳ
A2F5	8548	Ⅴ
A2F6	8549	Ⅵ
A2F7	8550	Ⅶ
A2F8	8551	Ⅷ
A2F9	8552	Ⅸ
A2FA	8553	Ⅹ
A2FB	8554	Ⅺ
A2FC	8555	Ⅻ
A3A1	65281	！
A3A2	65282	＂
A3A3	65283	＃
A3A4	65509	￥
A3A5	65285	％
A3A6	65286	＆
A3A7	65287	＇
A3A8	65288	（
A3A9	65289	）
A3AA	65290	＊
A3AB	65291	＋
A3AC	65292	，
A3AD	65293	－
A3AE	65294	．
A3AF	65295	／
A3B0	65296	０
A3B1	65297	１
A3B2	65298	２
A3B3	65299	３
A3B4	65300	４
A3B5	65301	５
A3B6	65302	６
A3B7	65303	７
A3B8	65304	８
A3B9	65305	９
A3BA	65306	：
A3BB	65307	；
A3BC	65308	＜
A3BD	65309	＝
A3BE	65310	＞
A3BF	65311	？
A3C0	65312	＠
A3C1	65313	Ａ
A3C2	65314	Ｂ
A3C3	65315	Ｃ
A3C4	65316	Ｄ
A3C5	65317	Ｅ
A3C6	65318	Ｆ
A3C7	65319	Ｇ
A3C8	65320	Ｈ
A3C9	65321	Ｉ
A3CA	65322	Ｊ
A3CB	65323	Ｋ
A3CC	65324	Ｌ
A3CD	65325	Ｍ
A3CE	65326	Ｎ
A3CF	65327	Ｏ
A3D0	65328	Ｐ
A3D1	65329	Ｑ
A3D2	65330	Ｒ
A3D3	65331	Ｓ
A3D4	65332	Ｔ
A3D5	65333	Ｕ
A3D6	65334	Ｖ
A3D7	65335	Ｗ
A3D8	65336	Ｘ
A3D9	65337	Ｙ
A3DA	65338	Ｚ
A3DB	65339	［
A3DC	65340	＼
A3DD	65341	］
A3DE	65342	＾
A3DF	65343	＿
A3E0	65344	｀
A3E1	65345	ａ
A3E2	65346	ｂ
A3E3	65347	ｃ
A3E4	65348	ｄ
A3E5	65349	ｅ
A3E6	65350	ｆ
A3E7	65351	ｇ
A3E8	65352	ｈ
A3E9	65353	ｉ
A3EA	65354	ｊ
A3EB	65355	ｋ
A3EC	65356	ｌ
A3ED	65357	ｍ
A3EE	65358	ｎ
A3EF	65359	ｏ
A3F0	65360	ｐ
A3F1	65361	ｑ
A3F2	65362	ｒ
A3F3	65363	ｓ
A3F4	65364	ｔ
A3F5	65365	ｕ
A3F6	65366	ｖ
A3F7	65367	ｗ
A3F8	65368	ｘ
A3F9	65369	ｙ
A3FA	65370	ｚ
A3FB	65371	｛
A3FC	65372	｜
A3FD	65373	｝
A3FE	65507	￣
A4A1	12353	ぁ
A4A2	12354	あ
A4A3	12355	ぃ
A4A4	12356	い
A4A5	12357	ぅ
A4A6	12358	う
A4A7	12359	ぇ
A4A8	12360	え
A4A9	12361	ぉ
A4AA	12362	お
A4AB	12363	か
A4AC	12364	が
A4AD	12365	き
A4AE	12366	ぎ
A4AF	12367	く
A4B0	12368	ぐ
A4B1	12369	け
A4B2	12370	げ
A4B3	12371	こ
A4B4	12372	ご
A4B5	12373	さ
A4B6	12374	ざ
A4B7	12375	し
A4B8	12376	じ
A4B9	12377	す
A4BA	12378	ず
A4BB	12379	せ
A4BC	12380	ぜ
A4BD	12381	そ
A4BE	12382	ぞ
A4BF	12383	た
A4C0	12384	だ
A4C1	12385	ち
A4C2	12386	ぢ
A4C3	12387	っ
A4C4	12388	つ
A4C5	12389	づ
A4C6	12390	て
A4C7	12391	で
A4C8	12392	と
A4C9	12393	ど
A4CA	12394	な
A4CB	12395	に
A4CC	12396	ぬ
A4CD	12397	ね
A4CE	12398	の
A4CF	12399	は
A4D0	12400	ば
A4D1	12401	ぱ
A4D2	12402	ひ
A4D3	12403	び
A4D4	12404	ぴ
A4D5	12405	ふ
A4D6	12406	ぶ
A4D7	12407	ぷ
A4D8	12408	へ
A4D9	12409	べ
A4DA	12410	ぺ
A4DB	12411	ほ
A4DC	12412	ぼ
A4DD	12413	ぽ
A4DE	12414	ま
A4DF	12415	み
A4E0	12416	む
A4E1	12417	め
A4E2	12418	も
A4E3	12419	ゃ
A4E4	12420	や
A4E5	12421	ゅ
A4E6	12422	ゆ
A4E7	12423	ょ
A4E8	12424	よ
A4E9	12425	ら
A4EA	12426	り
A4EB	12427	る
A4EC	12428	れ
A4ED	12429	ろ
A4EE	12430	ゎ
A4EF	12431	わ
A4F0	12432	ゐ
A4F1	12433	ゑ
A4F2	12434	を
A4F3	12435	ん
A5A1	12449	ァ
A5A2	12450	ア
A5A3	12451	ィ
A5A4	12452	イ
A5A5	12453	ゥ
A5A6	12454	ウ
A5A7	12455	ェ
A5A8	12456	エ
A5A9	12457	ォ
A5AA	12458	オ
A5AB	12459	カ
A5AC	12460	ガ
A5AD	12461	キ
A5AE	12462	ギ
A5AF	12463	ク
A5B0	12464	グ
A5B1	12465	ケ
A5B2	12466	ゲ
A5B3	12467	コ
A5B4	12468	ゴ
A5B5	12469	サ
A5B6	12470	ザ
A5B7	12471	シ
A5B8	12472	ジ
A5B9	12473	ス
A5BA	12474	ズ
A5BB	12475	セ
A5BC	12476	ゼ
A5BD	12477	ソ
A5BE	12478	ゾ
A5BF	12479	タ
A5C0	12480	ダ
A5C1	12481	チ
A5C2	12482	ヂ
A5C3	12483	ッ
A5C4	12484	ツ
A5C5	12485	ヅ
A5C6	12486	テ
A5C7	12487	デ
A5C8	12488	ト
A5C9	12489	ド
A5CA	12490	ナ
A5CB	12491	ニ
A5CC	12492	ヌ
A5CD	12493	ネ
A5CE	12494	ノ
A5CF	12495	ハ
A5D0	12496	バ
A5D1	12497	パ
A5D2	12498	ヒ
A5D3	12499	ビ
A5D4	12500	ピ
A5D5	12501	フ
A5D6	12502	ブ
A5D7	12503	プ
A5D8	12504	ヘ
A5D9	12505	ベ
A5DA	12506	ペ
A5DB	12507	ホ
A5DC	12508	ボ
A5DD	12509	ポ
A5DE	12510	マ
A5DF	12511	ミ
A5E0	12512	ム
A5E1	12513	メ
A5E2	12514	モ
A5E3	12515	ャ
A5E4	12516	ヤ
A5E5	12517	ュ
A5E6	12518	ユ
A5E7	12519	ョ
A5E8	12520	ヨ
A5E9	12521	ラ
A5EA	12522	リ
A5EB	12523	ル
A5EC	12524	レ
A5ED	12525	ロ
A5EE	12526	ヮ
A5EF	12527	ワ
A5F0	12528	ヰ
A5F1	12529	ヱ
A5F2	12530	ヲ
A5F3	12531	ン
A5F4	12532	ヴ
A5F5	12533	ヵ
A5F6	12534	ヶ
A6A1	913	Α
A6A2	914	Β
A6A3	915	Γ
A6A4	916	Δ
A6A5	917	Ε
A6A6	918	Ζ
A6A7	919	Η
A6A8	920	Θ
A6A9	921	Ι
A6AA	922	Κ
A6AB	923	Λ
A6AC	924	Μ
A6AD	925	Ν
A6AE	926	Ξ
A6AF	927	Ο
A6B0	928	Π
A6B1	929	Ρ
A6B2	931	Σ
A6B3	932	Τ
A6B4	933	Υ
A6B5	934	Φ
A6B6	935	Χ
A6B7	936	Ψ
A6B8	937	Ω
A6C1	945	α
A6C2	946	β
A6C3	947	γ
A6C4	948	δ
A6C5	949	ε
A6C6	950	ζ
A6C7	951	η
A6C8	952	θ
A6C9	953	ι
A6CA	954	κ
A6CB	955	λ
A6CC	956	μ
A6CD	957	ν
A6CE	958	ξ
A6CF	959	ο
A6D0	960	π
A6D1	961	ρ
A6D2	963	σ
A6D3	964	τ
A6D4	965	υ
A6D5	966	φ
A6D6	967	χ
A6D7	968	ψ
A6D8	969	ω
A7A1	1040	А
A7A2	1041	Б
A7A3	1042	В
A7A4	1043	Г
A7A5	1044	Д
A7A6	1045	Е
A7A7	1025	Ё
A7A8	1046	Ж
A7A9	1047	З
A7AA	1048	И
A7AB	1049	Й
A7AC	1050	К
A7AD	1051	Л
A7AE	1052	М
A7AF	1053	Н
A7B0	1054	О
A7B1	1055	П
A7B2	1056	Р
A7B3	1057	С
A7B4	1058	Т
A7B5	1059	У
A7B6	1060	Ф
A7B7	1061	Х
A7B8	1062	Ц
A7B9	1063	Ч
A7BA	1064	Ш
A7BB	1065	Щ
A7BC	1066	Ъ
A7BD	1067	Ы
A7BE	1068	Ь
A7BF	1069	Э
A7C0	1070	Ю
A7C1	1071	Я
A7D1	1072	а
A7D2	1073	б
A7D3	1074	в
A7D4	1075	г
A7D5	1076	д
A7D6	1077	е
A7D7	1105	ё
A7D8	1078	ж
A7D9	1079	з
A7DA	1080	и
A7DB	1081	й
A7DC	1082	к
A7DD	1083	л
A7DE	1084	м
A7DF	1085	н
A7E0	1086	о
A7E1	1087	п
A7E2	1088	р
A7E3	1089	с
A7E4	1090	т
A7E5	1091	у
A7E6	1092	ф
A7E7	1093	х
A7E8	1094	ц
A7E9	1095	ч
A7EA	1096	ш
A7EB	1097	щ
A7EC	1098	ъ
A7ED	1099	ы
A7EE	1100	ь
A7EF	1101	э
A7F0	1102	ю
A7F1	1103	я
A8A1	257	ā
A8A2	225	á
A8A3	462	ǎ
A8A4	224	à
A8A5	275	ē
A8A6	233	é
A8A7	283	ě
A8A8	232	è
A8A9	299	ī
A8AA	237	í
A8AB	464	ǐ
A8AC	236	ì
A8AD	333	ō
A8AE	243	ó
A8AF	466	ǒ
A8B0	242	ò
A8B1	363	ū
A8B2	250	ú
A8B3	468	ǔ
A8B4	249	ù
A8B5	470	ǖ
A8B6	472	ǘ
A8B7	474	ǚ
A8B8	476	ǜ
A8B9	252	ü
A8BA	234	ê
A8C5	12549	ㄅ
A8C6	12550	ㄆ
A8C7	12551	ㄇ
A8C8	12552	ㄈ
A8C9	12553	ㄉ
A8CA	12554	ㄊ
A8CB	12555	ㄋ
A8CC	12556	ㄌ
A8CD	12557	ㄍ
A8CE	12558	ㄎ
A8CF	12559	ㄏ
A8D0	12560	ㄐ
A8D1	12561	ㄑ
A8D2	12562	ㄒ
A8D3	12563	ㄓ
A8D4	12564	ㄔ
A8D5	12565	ㄕ
A8D6	12566	ㄖ
A8D7	12567	ㄗ
A8D8	12568	ㄘ
A8D9	12569	ㄙ
A8DA	12570	ㄚ
A8DB	12571	ㄛ
A8DC	12572	ㄜ
A8DD	12573	ㄝ
A8DE	12574	ㄞ
A8DF	12575	ㄟ
A8E0	12576	ㄠ
A8E1	12577	ㄡ
A8E2	12578	ㄢ
A8E3	12579	ㄣ
A8E4	12580	ㄤ
A8E5	12581	ㄥ
A8E6	12582	ㄦ
A8E7	12583	ㄧ
A8E8	12584	ㄨ
A8E9	12585	ㄩ
A9A4	9472	─
A9A5	9473	━
A9A6	9474	│
A9A7	9475	┃
A9A8	9476	┄
A9A9	9477	┅
A9AA	9478	┆
A9AB	9479	┇
A9AC	9480	┈
A9AD	9481	┉
A9AE	9482	┊
A9AF	9483	┋
A9B0	9484	┌
A9B1	9485	┍
A9B2	9486	┎
A9B3	9487	┏
A9B4	9488	┐
A9B5	9489	┑
A9B6	9490	┒
A9B7	9491	┓
A9B8	9492	└
A9B9	9493	┕
A9BA	9494	┖
A9BB	9495	┗
A9BC	9496	┘
A9BD	9497	┙
A9BE	9498	┚
A9BF	9499	┛
A9C0	9500	├
A9C1	9501	┝
A9C2	9502	┞
A9C3	9503	┟
A9C4	9504	┠
A9C5	9505	┡
A9C6	9506	┢
A9C7	9507	┣
A9C8	9508	┤
A9C9	9509	┥
A9CA	9510	┦
A9CB	9511	┧
A9CC	9512	┨
A9CD	9513	┩
A9CE	9514	┪
A9CF	9515	┫
A9D0	9516	┬
A9D1	9517	┭
A9D2	9518	┮
A9D3	9519	┯
A9D4	9520	┰
A9D5	9521	┱
A9D6	9522	┲
A9D7	9523	┳
A9D8	9524	┴
A9D9	9525	┵
A9DA	9526	┶
A9DB	9527	┷
A9DC	9528	┸
A9DD	9529	┹
A9DE	9530	┺
A9DF	9531	┻
A9E0	9532	┼
A9E1	9533	┽
A9E2	9534	┾
A9E3	9535	┿
A9E4	9536	╀
A9E5	9537	╁
A9E6	9538	╂
A9E7	9539	╃
A9E8	9540	╄
A9E9	9541	╅
A9EA	9542	╆
A9EB	9543	╇
A9EC	9544	╈
A9ED	9545	╉
A9EE	9546	╊
A9EF	9547	╋
B0A1	21834	啊
B0A2	38463	阿
B0A3	22467	埃
B0A4	25384	挨
B0A5	21710	哎
B0A6	21769	唉
B0A7	21696	哀
B0A8	30353	皑
B0A9	30284	癌
B0AA	34108	蔼
B0AB	30702	矮
B0AC	33406	艾
B0AD	30861	碍
B0AE	29233	爱
B0AF	38552	隘
B0B0	38797	鞍
B0B1	27688	氨
B0B2	23433	安
B0B3	20474	俺
B0B4	25353	按
B0B5	26263	暗
B0B6	23736	岸
B0B7	33018	胺
B0B8	26696	案
B0B9	32942	肮
B0BA	26114	昂
B0BB	30414	盎
B0BC	20985	凹
B0BD	25942	敖
B0BE	29100	熬
B0BF	32753	翱
B0C0	34948	袄
B0C1	20658	傲
B0C2	22885	奥
B0C3	25034	懊
B0C4	28595	澳
B0C5	33453	芭
B0C6	25420	捌
B0C7	25170	扒
B0C8	21485	叭
B0C9	21543	吧
B0CA	31494	笆
B0CB	20843	八
B0CC	30116	疤
B0CD	24052	巴
B0CE	25300	拔
B0CF	36299	跋
B0D0	38774	靶
B0D1	25226	把
B0D2	32793	耙
B0D3	22365	坝
B0D4	38712	霸
B0D5	32610	罢
B0D6	29240	爸
B0D7	30333	白
B0D8	26575	柏
B0D9	30334	百
B0DA	25670	摆
B0DB	20336	佰
B0DC	36133	败
B0DD	25308	拜
B0DE	31255	稗
B0DF	26001	斑
B0E0	29677	班
B0E1	25644	搬
B0E2	25203	扳
B0E3	33324	般
B0E4	39041	颁
B0E5	26495	板
B0E6	29256	版
B0E7	25198	扮
B0E8	25292	拌
B0E9	20276	伴
B0EA	29923	瓣
B0EB	21322	半
B0EC	21150	办
B0ED	32458	绊
B0EE	37030	邦
B0EF	24110	帮
B0F0	26758	梆
B0F1	27036	榜
B0F2	33152	膀
B0F3	32465	绑
B0F4	26834	棒
B0F5	30917	磅
B0F6	34444	蚌
B0F7	38225	镑
B0F8	20621	傍
B0F9	35876	谤
B0FA	33502	苞
B0FB	32990	胞
B0FC	21253	包
B0FD	35090	褒
B0FE	21093	剥
B1A1	34180	薄
B1A2	38649	雹
B1A3	20445	保
B1A4	22561	堡
B1A5	39281	饱
B1A6	23453	宝
B1A7	25265	抱
B1A8	25253	报
B1A9	26292	暴
B1AA	35961	豹
B1AB	40077	鲍
B1AC	29190	爆
B1AD	26479	杯
B1AE	30865	碑
B1AF	24754	悲
B1B0	21329	卑
B1B1	21271	北
B1B2	36744	辈
B1B3	32972	背
B1B4	36125	贝
B1B5	38049	钡
B1B6	20493	倍
B1B7	29384	狈
B1B8	22791	备
B1B9	24811	惫
B1BA	28953	焙
B1BB	34987	被
B1BC	22868	奔
B1BD	33519	苯
B1BE	26412	本
B1BF	31528	笨
B1C0	23849	崩
B1C1	32503	绷
B1C2	29997	甭
B1C3	27893	泵
B1C4	36454	蹦
B1C5	36856	迸
B1C6	36924	逼
B1C7	40763	鼻
B1C8	27604	比
B1C9	37145	鄙
B1CA	31508	笔
B1CB	24444	彼
B1CC	30887	碧
B1CD	34006	蓖
B1CE	34109	蔽
B1CF	27605	毕
B1D0	27609	毙
B1D1	27606	毖
B1D2	24065	币
B1D3	24199	庇
B1D4	30201	痹
B1D5	38381	闭
B1D6	25949	敝
B1D7	24330	弊
B1D8	24517	必
B1D9	36767	辟
B1DA	22721	壁
B1DB	33218	臂
B1DC	36991	避
B1DD	38491	陛
B1DE	38829	鞭
B1DF	36793	边
B1E0	32534	编
B1E1	36140	贬
B1E2	25153	扁
B1E3	20415	便
B1E4	21464	变
B1E5	21342	卞
B1E6	36776	辨
B1E7	36777	辩
B1E8	36779	辫
B1E9	36941	遍
B1EA	26631	标
B1EB	24426	彪
B1EC	33176	膘
B1ED	34920	表
B1EE	40150	鳖
B1EF	24971	憋
B1F0	21035	别
B1F1	30250	瘪
B1F2	24428	彬
B1F3	25996	斌
B1F4	28626	濒
B1F5	28392	滨
B1F6	23486	宾
B1F7	25672	摈
B1F8	20853	兵
B1F9	20912	冰
B1FA	26564	柄
B1FB	19993	丙
B1FC	31177	秉
B1FD	39292	饼
B1FE	28851	炳
B2A1	30149	病
B2A2	24182	并
B2A3	29627	玻
B2A4	33760	菠
B2A5	25773	播
B2A6	25320	拨
B2A7	38069	钵
B2A8	27874	波
B2A9	21338	博
B2AA	21187	勃
B2AB	25615	搏
B2AC	38082	铂
B2AD	31636	箔
B2AE	20271	伯
B2AF	24091	帛
B2B0	33334	舶
B2B1	33046	脖
B2B2	33162	膊
B2B3	28196	渤
B2B4	27850	泊
B2B5	39539	驳
B2B6	25429	捕
B2B7	21340	卜
B2B8	21754	哺
B2B9	34917	补
B2BA	22496	埠
B2BB	19981	不
B2BC	24067	布
B2BD	27493	步
B2BE	31807	簿
B2BF	37096	部
B2C0	24598	怖
B2C1	25830	擦
B2C2	29468	猜
B2C3	35009	裁
B2C4	26448	材
B2C5	25165	才
B2C6	36130	财
B2C7	30572	睬
B2C8	36393	踩
B2C9	37319	采
B2CA	24425	彩
B2CB	33756	菜
B2CC	34081	蔡
B2CD	39184	餐
B2CE	21442	参
B2CF	34453	蚕
B2D0	27531	残
B2D1	24813	惭
B2D2	24808	惨
B2D3	28799	灿
B2D4	33485	苍
B2D5	33329	舱
B2D6	20179	仓
B2D7	27815	沧
B2D8	34255	藏
B2D9	25805	操
B2DA	31961	糙
B2DB	27133	槽
B2DC	26361	曹
B2DD	33609	草
B2DE	21397	厕
B2DF	31574	策
B2E0	20391	侧
B2E1	20876	册
B2E2	27979	测
B2E3	23618	层
B2E4	36461	蹭
B2E5	25554	插
B2E6	21449	叉
B2E7	33580	茬
B2E8	33590	茶
B2E9	26597	查
B2EA	30900	碴
B2EB	25661	搽
B2EC	23519	察
B2ED	23700	岔
B2EE	24046	差
B2EF	35815	诧
B2F0	25286	拆
B2F1	26612	柴
B2F2	35962	豺
B2F3	25600	搀
B2F4	25530	掺
B2F5	34633	蝉
B2F6	39307	馋
B2F7	35863	谗
B2F8	32544	缠
B2F9	38130	铲
B2FA	20135	产
B2FB	38416	阐
B2FC	39076	颤
B2FD	26124	昌
B2FE	29462	猖
B3A1	22330	场
B3A2	23581	尝
B3A3	24120	常
B3A4	38271	长
B3A5	20607	偿
B3A6	32928	肠
B3A7	21378	厂
B3A8	25950	敞
B3A9	30021	畅
B3AA	21809	唱
B3AB	20513	倡
B3AC	36229	超
B3AD	25220	抄
B3AE	38046	钞
B3AF	26397	朝
B3B0	22066	嘲
B3B1	28526	潮
B3B2	24034	巢
B3B3	21557	吵
B3B4	28818	炒
B3B5	36710	车
B3B6	25199	扯
B3B7	25764	撤
B3B8	25507	掣
B3B9	24443	彻
B3BA	28552	澈
B3BB	37108	郴
B3BC	33251	臣
B3BD	36784	辰
B3BE	23576	尘
B3BF	26216	晨
B3C0	24561	忱
B3C1	27785	沉
B3C2	38472	陈
B3C3	36225	趁
B3C4	34924	衬
B3C5	25745	撑
B3C6	31216	称
B3C7	22478	城
B3C8	27225	橙
B3C9	25104	成
B3CA	21576	呈
B3CB	20056	乘
B3CC	31243	程
B3CD	24809	惩
B3CE	28548	澄
B3CF	35802	诚
B3D0	25215	承
B3D1	36894	逞
B3D2	39563	骋
B3D3	31204	秤
B3D4	21507	吃
B3D5	30196	痴
B3D6	25345	持
B3D7	21273	匙
B3D8	27744	池
B3D9	36831	迟
B3DA	24347	弛
B3DB	39536	驰
B3DC	32827	耻
B3DD	40831	齿
B3DE	20360	侈
B3DF	23610	尺
B3E0	36196	赤
B3E1	32709	翅
B3E2	26021	斥
B3E3	28861	炽
B3E4	20805	充
B3E5	20914	冲
B3E6	34411	虫
B3E7	23815	崇
B3E8	23456	宠
B3E9	25277	抽
B3EA	37228	酬
B3EB	30068	畴
B3EC	36364	踌
B3ED	31264	稠
B3EE	24833	愁
B3EF	31609	筹
B3F0	20167	仇
B3F1	32504	绸
B3F2	30597	瞅
B3F3	19985	丑
B3F4	33261	臭
B3F5	21021	初
B3F6	20986	出
B3F7	27249	橱
B3F8	21416	厨
B3F9	36487	躇
B3FA	38148	锄
B3FB	38607	雏
B3FC	28353	滁
B3FD	38500	除
B3FE	26970	楚
B4A1	30784	础
B4A2	20648	储
B4A3	30679	矗
B4A4	25616	搐
B4A5	35302	触
B4A6	22788	处
B4A7	25571	揣
B4A8	24029	川
B4A9	31359	穿
B4AA	26941	椽
B4AB	20256	传
B4AC	33337	船
B4AD	21912	喘
B4AE	20018	串
B4AF	30126	疮
B4B0	31383	窗
B4B1	24162	幢
B4B2	24202	床
B4B3	38383	闯
B4B4	21019	创
B4B5	21561	吹
B4B6	28810	炊
B4B7	25462	捶
B4B8	38180	锤
B4B9	22402	垂
B4BA	26149	春
B4BB	26943	椿
B4BC	37255	醇
B4BD	21767	唇
B4BE	28147	淳
B4BF	32431	纯
B4C0	34850	蠢
B4C1	25139	戳
B4C2	32496	绰
B4C3	30133	疵
B4C4	33576	茨
B4C5	30913	磁
B4C6	38604	雌
B4C7	36766	辞
B4C8	24904	慈
B4C9	29943	瓷
B4CA	35789	词
B4CB	27492	此
B4CC	21050	刺
B4CD	36176	赐
B4CE	27425	次
B4CF	32874	聪
B4D0	33905	葱
B4D1	22257	囱
B4D2	21254	匆
B4D3	20174	从
B4D4	19995	丛
B4D5	20945	凑
B4D6	31895	粗
B4D7	37259	醋
B4D8	31751	簇
B4D9	20419	促
B4DA	36479	蹿
B4DB	31713	篡
B4DC	31388	窜
B4DD	25703	摧
B4DE	23828	崔
B4DF	20652	催
B4E0	33030	脆
B4E1	30209	瘁
B4E2	31929	粹
B4E3	28140	淬
B4E4	32736	翠
B4E5	26449	村
B4E6	23384	存
B4E7	23544	寸
B4E8	30923	磋
B4E9	25774	撮
B4EA	25619	搓
B4EB	25514	措
B4EC	25387	挫
B4ED	38169	错
B4EE	25645	搭
B4EF	36798	达
B4F0	31572	答
B4F1	30249	瘩
B4F2	25171	打
B4F3	22823	大
B4F4	21574	呆
B4F5	27513	歹
B4F6	20643	傣
B4F7	25140	戴
B4F8	24102	带
B4F9	27526	殆
B4FA	20195	代
B4FB	36151	贷
B4FC	34955	袋
B4FD	24453	待
B4FE	36910	逮
B5A1	24608	怠
B5A2	32829	耽
B5A3	25285	担
B5A4	20025	丹
B5A5	21333	单
B5A6	37112	郸
B5A7	25528	掸
B5A8	32966	胆
B5A9	26086	旦
B5AA	27694	氮
B5AB	20294	但
B5AC	24814	惮
B5AD	28129	淡
B5AE	35806	诞
B5AF	24377	弹
B5B0	34507	蛋
B5B1	24403	当
B5B2	25377	挡
B5B3	20826	党
B5B4	33633	荡
B5B5	26723	档
B5B6	20992	刀
B5B7	25443	捣
B5B8	36424	蹈
B5B9	20498	倒
B5BA	23707	岛
B5BB	31095	祷
B5BC	23548	导
B5BD	21040	到
B5BE	31291	稻
B5BF	24764	悼
B5C0	36947	道
B5C1	30423	盗
B5C2	24503	德
B5C3	24471	得
B5C4	30340	的
B5C5	36460	蹬
B5C6	28783	灯
B5C7	30331	登
B5C8	31561	等
B5C9	30634	瞪
B5CA	20979	凳
B5CB	37011	邓
B5CC	22564	堤
B5CD	20302	低
B5CE	28404	滴
B5CF	36842	迪
B5D0	25932	敌
B5D1	31515	笛
B5D2	29380	狄
B5D3	28068	涤
B5D4	32735	翟
B5D5	23265	嫡
B5D6	25269	抵
B5D7	24213	底
B5D8	22320	地
B5D9	33922	蒂
B5DA	31532	第
B5DB	24093	帝
B5DC	24351	弟
B5DD	36882	递
B5DE	32532	缔
B5DF	39072	颠
B5E0	25474	掂
B5E1	28359	滇
B5E2	30872	碘
B5E3	28857	点
B5E4	20856	典
B5E5	38747	靛
B5E6	22443	垫
B5E7	30005	电
B5E8	20291	佃
B5E9	30008	甸
B5EA	24215	店
B5EB	24806	惦
B5EC	22880	奠
B5ED	28096	淀
B5EE	27583	殿
B5EF	30857	碉
B5F0	21500	叼
B5F1	38613	雕
B5F2	20939	凋
B5F3	20993	刁
B5F4	25481	掉
B5F5	21514	吊
B5F6	38035	钓
B5F7	35843	调
B5F8	36300	跌
B5F9	29241	爹
B5FA	30879	碟
B5FB	34678	蝶
B5FC	36845	迭
B5FD	35853	谍
B5FE	21472	叠
B6A1	19969	丁
B6A2	30447	盯
B6A3	21486	叮
B6A4	38025	钉
B6A5	39030	顶
B6A6	40718	鼎
B6A7	38189	锭
B6A8	23450	定
B6A9	35746	订
B6AA	20002	丢
B6AB	19996	东
B6AC	20908	冬
B6AD	33891	董
B6AE	25026	懂
B6AF	21160	动
B6B0	26635	栋
B6B1	20375	侗
B6B2	24683	恫
B6B3	20923	冻
B6B4	27934	洞
B6B5	20828	兜
B6B6	25238	抖
B6B7	26007	斗
B6B8	38497	陡
B6B9	35910	豆
B6BA	36887	逗
B6BB	30168	痘
B6BC	37117	都
B6BD	30563	督
B6BE	27602	毒
B6BF	29322	犊
B6C0	29420	独
B6C1	35835	读
B6C2	22581	堵
B6C3	30585	睹
B6C4	36172	赌
B6C5	26460	杜
B6C6	38208	镀
B6C7	32922	肚
B6C8	24230	度
B6C9	28193	渡
B6CA	22930	妒
B6CB	31471	端
B6CC	30701	短
B6CD	38203	锻
B6CE	27573	段
B6CF	26029	断
B6D0	32526	缎
B6D1	22534	堆
B6D2	20817	兑
B6D3	38431	队
B6D4	23545	对
B6D5	22697	墩
B6D6	21544	吨
B6D7	36466	蹲
B6D8	25958	敦
B6D9	39039	顿
B6DA	22244	囤
B6DB	38045	钝
B6DC	30462	盾
B6DD	36929	遁
B6DE	25479	掇
B6DF	21702	哆
B6E0	22810	多
B6E1	22842	夺
B6E2	22427	垛
B6E3	36530	躲
B6E4	26421	朵
B6E5	36346	跺
B6E6	33333	舵
B6E7	21057	剁
B6E8	24816	惰
B6E9	22549	堕
B6EA	34558	蛾
B6EB	23784	峨
B6EC	40517	鹅
B6ED	20420	俄
B6EE	39069	额
B6EF	35769	讹
B6F0	23077	娥
B6F1	24694	恶
B6F2	21380	厄
B6F3	25212	扼
B6F4	36943	遏
B6F5	37122	鄂
B6F6	39295	饿
B6F7	24681	恩
B6F8	32780	而
B6F9	20799	儿
B6FA	32819	耳
B6FB	23572	尔
B6FC	39285	饵
B6FD	27953	洱
B6FE	20108	二
B7A1	36144	贰
B7A2	21457	发
B7A3	32602	罚
B7A4	31567	筏
B7A5	20240	伐
B7A6	20047	乏
B7A7	38400	阀
B7A8	27861	法
B7A9	29648	珐
B7AA	34281	藩
B7AB	24070	帆
B7AC	30058	番
B7AD	32763	翻
B7AE	27146	樊
B7AF	30718	矾
B7B0	38034	钒
B7B1	32321	繁
B7B2	20961	凡
B7B3	28902	烦
B7B4	21453	反
B7B5	36820	返
B7B6	33539	范
B7B7	36137	贩
B7B8	29359	犯
B7B9	39277	饭
B7BA	27867	泛
B7BB	22346	坊
B7BC	33459	芳
B7BD	26041	方
B7BE	32938	肪
B7BF	25151	房
B7C0	38450	防
B7C1	22952	妨
B7C2	20223	仿
B7C3	35775	访
B7C4	32442	纺
B7C5	25918	放
B7C6	33778	菲
B7C7	38750	非
B7C8	21857	啡
B7C9	39134	飞
B7CA	32933	肥
B7CB	21290	匪
B7CC	35837	诽
B7CD	21536	吠
B7CE	32954	肺
B7CF	24223	废
B7D0	27832	沸
B7D1	36153	费
B7D2	33452	芬
B7D3	37210	酚
B7D4	21545	吩
B7D5	27675	氛
B7D6	20998	分
B7D7	32439	纷
B7D8	22367	坟
B7D9	28954	焚
B7DA	27774	汾
B7DB	31881	粉
B7DC	22859	奋
B7DD	20221	份
B7DE	24575	忿
B7DF	24868	愤
B7E0	31914	粪
B7E1	20016	丰
B7E2	23553	封
B7E3	26539	枫
B7E4	34562	蜂
B7E5	23792	峰
B7E6	38155	锋
B7E7	39118	风
B7E8	30127	疯
B7E9	28925	烽
B7EA	36898	逢
B7EB	20911	冯
B7EC	32541	缝
B7ED	35773	讽
B7EE	22857	奉
B7EF	20964	凤
B7F0	20315	佛
B7F1	21542	否
B7F2	22827	夫
B7F3	25975	敷
B7F4	32932	肤
B7F5	23413	孵
B7F6	25206	扶
B7F7	25282	拂
B7F8	36752	辐
B7F9	24133	幅
B7FA	27679	氟
B7FB	31526	符
B7FC	20239	伏
B7FD	20440	俘
B7FE	26381	服
B8A1	28014	浮
B8A2	28074	涪
B8A3	31119	福
B8A4	34993	袱
B8A5	24343	弗
B8A6	29995	甫
B8A7	25242	抚
B8A8	36741	辅
B8A9	20463	俯
B8AA	37340	釜
B8AB	26023	斧
B8AC	33071	脯
B8AD	33105	腑
B8AE	24220	府
B8AF	33104	腐
B8B0	36212	赴
B8B1	21103	副
B8B2	35206	覆
B8B3	36171	赋
B8B4	22797	复
B8B5	20613	傅
B8B6	20184	付
B8B7	38428	阜
B8B8	29238	父
B8B9	33145	腹
B8BA	36127	负
B8BB	23500	富
B8BC	35747	讣
B8BD	38468	附
B8BE	22919	妇
B8BF	32538	缚
B8C0	21648	咐
B8C1	22134	噶
B8C2	22030	嘎
B8C3	35813	该
B8C4	25913	改
B8C5	27010	概
B8C6	38041	钙
B8C7	30422	盖
B8C8	28297	溉
B8C9	24178	干
B8CA	29976	甘
B8CB	26438	杆
B8CC	26577	柑
B8CD	31487	竿
B8CE	32925	肝
B8CF	36214	赶
B8D0	24863	感
B8D1	31174	秆
B8D2	25954	敢
B8D3	36195	赣
B8D4	20872	冈
B8D5	21018	刚
B8D6	38050	钢
B8D7	32568	缸
B8D8	32923	肛
B8D9	32434	纲
B8DA	23703	岗
B8DB	28207	港
B8DC	26464	杠
B8DD	31705	篙
B8DE	30347	皋
B8DF	39640	高
B8E0	33167	膏
B8E1	32660	羔
B8E2	31957	糕
B8E3	25630	搞
B8E4	38224	镐
B8E5	31295	稿
B8E6	21578	告
B8E7	21733	哥
B8E8	27468	歌
B8E9	25601	搁
B8EA	25096	戈
B8EB	40509	鸽
B8EC	33011	胳
B8ED	30105	疙
B8EE	21106	割
B8EF	38761	革
B8F0	33883	葛
B8F1	26684	格
B8F2	34532	蛤
B8F3	38401	阁
B8F4	38548	隔
B8F5	38124	铬
B8F6	20010	个
B8F7	21508	各
B8F8	32473	给
B8F9	26681	根
B8FA	36319	跟
B8FB	32789	耕
B8FC	26356	更
B8FD	24218	庚
B8FE	32697	羹
B9A1	22466	埂
B9A2	32831	耿
B9A3	26775	梗
B9A4	24037	工
B9A5	25915	攻
B9A6	21151	功
B9A7	24685	恭
B9A8	40858	龚
B9A9	20379	供
B9AA	36524	躬
B9AB	20844	公
B9AC	23467	宫
B9AD	24339	弓
B9AE	24041	巩
B9AF	27742	汞
B9B0	25329	拱
B9B1	36129	贡
B9B2	20849	共
B9B3	38057	钩
B9B4	21246	勾
B9B5	27807	沟
B9B6	33503	苟
B9B7	29399	狗
B9B8	22434	垢
B9B9	26500	构
B9BA	36141	购
B9BB	22815	够
B9BC	36764	辜
B9BD	33735	菇
B9BE	21653	咕
B9BF	31629	箍
B9C0	20272	估
B9C1	27837	沽
B9C2	23396	孤
B9C3	22993	姑
B9C4	40723	鼓
B9C5	21476	古
B9C6	34506	蛊
B9C7	39592	骨
B9C8	35895	谷
B9C9	32929	股
B9CA	25925	故
B9CB	39038	顾
B9CC	22266	固
B9CD	38599	雇
B9CE	21038	刮
B9CF	29916	瓜
B9D0	21072	剐
B9D1	23521	寡
B9D2	25346	挂
B9D3	35074	褂
B9D4	20054	乖
B9D5	25296	拐
B9D6	24618	怪
B9D7	26874	棺
B9D8	20851	关
B9D9	23448	官
B9DA	20896	冠
B9DB	35266	观
B9DC	31649	管
B9DD	39302	馆
B9DE	32592	罐
B9DF	24815	惯
B9E0	28748	灌
B9E1	36143	贯
B9E2	20809	光
B9E3	24191	广
B9E4	36891	逛
B9E5	29808	瑰
B9E6	35268	规
B9E7	22317	圭
B9E8	30789	硅
B9E9	24402	归
B9EA	40863	龟
B9EB	38394	闺
B9EC	36712	轨
B9ED	39740	鬼
B9EE	35809	诡
B9EF	30328	癸
B9F0	26690	桂
B9F1	26588	柜
B9F2	36330	跪
B9F3	36149	贵
B9F4	21053	刽
B9F5	36746	辊
B9F6	28378	滚
B9F7	26829	棍
B9F8	38149	锅
B9F9	37101	郭
B9FA	22269	国
B9FB	26524	果
B9FC	35065	裹
B9FD	36807	过
B9FE	21704	哈
BAA1	39608	骸
BAA2	23401	孩
BAA3	28023	海
BAA4	27686	氦
BAA5	20133	亥
BAA6	23475	害
BAA7	39559	骇
BAA8	37219	酣
BAA9	25000	憨
BAAA	37039	邯
BAAB	38889	韩
BAAC	21547	含
BAAD	28085	涵
BAAE	23506	寒
BAAF	20989	函
BAB0	21898	喊
BAB1	32597	罕
BAB2	32752	翰
BAB3	25788	撼
BAB4	25421	捍
BAB5	26097	旱
BAB6	25022	憾
BAB7	24717	悍
BAB8	28938	焊
BAB9	27735	汗
BABA	27721	汉
BABB	22831	夯
BABC	26477	杭
BABD	33322	航
BABE	22741	壕
BABF	22158	嚎
BAC0	35946	豪
BAC1	27627	毫
BAC2	37085	郝
BAC3	22909	好
BAC4	32791	耗
BAC5	21495	号
BAC6	28009	浩
BAC7	21621	呵
BAC8	21917	喝
BAC9	33655	荷
BACA	33743	菏
BACB	26680	核
BACC	31166	禾
BACD	21644	和
BACE	20309	何
BACF	21512	合
BAD0	30418	盒
BAD1	35977	貉
BAD2	38402	阂
BAD3	27827	河
BAD4	28088	涸
BAD5	36203	赫
BAD6	35088	褐
BAD7	40548	鹤
BAD8	36154	贺
BAD9	22079	嘿
BADA	40657	黑
BADB	30165	痕
BADC	24456	很
BADD	29408	狠
BADE	24680	恨
BADF	21756	哼
BAE0	20136	亨
BAE1	27178	横
BAE2	34913	衡
BAE3	24658	恒
BAE4	36720	轰
BAE5	21700	哄
BAE6	28888	烘
BAE7	34425	虹
BAE8	40511	鸿
BAE9	27946	洪
BAEA	23439	宏
BAEB	24344	弘
BAEC	32418	红
BAED	21897	喉
BAEE	20399	侯
BAEF	29492	猴
BAF0	21564	吼
BAF1	21402	厚
BAF2	20505	候
BAF3	21518	后
BAF4	21628	呼
BAF5	20046	乎
BAF6	24573	忽
BAF7	29786	瑚
BAF8	22774	壶
BAF9	33899	葫
BAFA	32993	胡
BAFB	34676	蝴
BAFC	29392	狐
BAFD	31946	糊
BAFE	28246	湖
BBA1	24359	弧
BBA2	34382	虎
BBA3	21804	唬
BBA4	25252	护
BBA5	20114	互
BBA6	27818	沪
BBA7	25143	户
BBA8	33457	花
BBA9	21719	哗
BBAA	21326	华
BBAB	29502	猾
BBAC	28369	滑
BBAD	30011	画
BBAE	21010	划
BBAF	21270	化
BBB0	35805	话
BBB1	27088	槐
BBB2	24458	徊
BBB3	24576	怀
BBB4	28142	淮
BBB5	22351	坏
BBB6	27426	欢
BBB7	29615	环
BBB8	26707	桓
BBB9	36824	还
BBBA	32531	缓
BBBB	25442	换
BBBC	24739	患
BBBD	21796	唤
BBBE	30186	痪
BBBF	35938	豢
BBC0	28949	焕
BBC1	28067	涣
BBC2	23462	宦
BBC3	24187	幻
BBC4	33618	荒
BBC5	24908	慌
BBC6	40644	黄
BBC7	30970	磺
BBC8	34647	蝗
BBC9	31783	簧
BBCA	30343	皇
BBCB	20976	凰
BBCC	24822	惶
BBCD	29004	煌
BBCE	26179	晃
BBCF	24140	幌
BBD0	24653	恍
BBD1	35854	谎
BBD2	28784	灰
BBD3	25381	挥
BBD4	36745	辉
BBD5	24509	徽
BBD6	24674	恢
BBD7	34516	蛔
BBD8	22238	回
BBD9	27585	毁
BBDA	24724	悔
BBDB	24935	慧
BBDC	21321	卉
BBDD	24800	惠
BBDE	26214	晦
BBDF	36159	贿
BBE0	31229	秽
BBE1	20250	会
BBE2	28905	烩
BBE3	27719	汇
BBE4	35763	讳
BBE5	35826	诲
BBE6	32472	绘
BBE7	33636	荤
BBE8	26127	昏
BBE9	23130	婚
BBEA	39746	魂
BBEB	27985	浑
BBEC	28151	混
BBED	35905	豁
BBEE	27963	活
BBEF	20249	伙
BBF0	28779	火
BBF1	33719	获
BBF2	25110	或
BBF3	24785	惑
BBF4	38669	霍
BBF5	36135	货
BBF6	31096	祸
BBF7	20987	击
BBF8	22334	圾
BBF9	22522	基
BBFA	26426	机
BBFB	30072	畸
BBFC	31293	稽
BBFD	31215	积
BBFE	31637	箕
BCA1	32908	肌
BCA2	39269	饥
BCA3	36857	迹
BCA4	28608	激
BCA5	35749	讥
BCA6	40481	鸡
BCA7	23020	姬
BCA8	32489	绩
BCA9	32521	缉
BCAA	21513	吉
BCAB	26497	极
BCAC	26840	棘
BCAD	36753	辑
BCAE	31821	籍
BCAF	38598	集
BCB0	21450	及
BCB1	24613	急
BCB2	30142	疾
BCB3	27762	汲
BCB4	21363	即
BCB5	23241	嫉
BCB6	32423	级
BCB7	25380	挤
BCB8	20960	几
BCB9	33034	脊
BCBA	24049	己
BCBB	34015	蓟
BCBC	25216	技
BCBD	20864	冀
BCBE	23395	季
BCBF	20238	伎
BCC0	31085	祭
BCC1	21058	剂
BCC2	24760	悸
BCC3	27982	济
BCC4	23492	寄
BCC5	23490	寂
BCC6	35745	计
BCC7	35760	记
BCC8	26082	既
BCC9	24524	忌
BCCA	38469	际
BCCB	22931	妓
BCCC	32487	继
BCCD	32426	纪
BCCE	22025	嘉
BCCF	26551	枷
BCD0	22841	夹
BCD1	20339	佳
BCD2	23478	家
BCD3	21152	加
BCD4	33626	荚
BCD5	39050	颊
BCD6	36158	贾
BCD7	30002	甲
BCD8	38078	钾
BCD9	20551	假
BCDA	31292	稼
BCDB	20215	价
BCDC	26550	架
BCDD	39550	驾
BCDE	23233	嫁
BCDF	27516	歼
BCE0	30417	监
BCE1	22362	坚
BCE2	23574	尖
BCE3	31546	笺
BCE4	38388	间
BCE5	29006	煎
BCE6	20860	兼
BCE7	32937	肩
BCE8	33392	艰
BCE9	22904	奸
BCEA	32516	缄
BCEB	33575	茧
BCEC	26816	检
BCED	26604	柬
BCEE	30897	碱
BCEF	30839	硷
BCF0	25315	拣
BCF1	25441	捡
BCF2	31616	简
BCF3	20461	俭
BCF4	21098	剪
BCF5	20943	减
BCF6	33616	荐
BCF7	27099	槛
BCF8	37492	鉴
BCF9	36341	践
BCFA	36145	贱
BCFB	35265	见
BCFC	38190	键
BCFD	31661	箭
BCFE	20214	件
BDA1	20581	健
BDA2	33328	舰
BDA3	21073	剑
BDA4	39279	饯
BDA5	28176	渐
BDA6	28293	溅
BDA7	28071	涧
BDA8	24314	建
BDA9	20725	僵
BDAA	23004	姜
BDAB	23558	将
BDAC	27974	浆
BDAD	27743	江
BDAE	30086	疆
BDAF	33931	蒋
BDB0	26728	桨
BDB1	22870	奖
BDB2	35762	讲
BDB3	21280	匠
BDB4	37233	酱
BDB5	38477	降
BDB6	34121	蕉
BDB7	26898	椒
BDB8	30977	礁
BDB9	28966	焦
BDBA	33014	胶
BDBB	20132	交
BDBC	37066	郊
BDBD	27975	浇
BDBE	39556	骄
BDBF	23047	娇
BDC0	22204	嚼
BDC1	25605	搅
BDC2	38128	铰
BDC3	30699	矫
BDC4	20389	侥
BDC5	33050	脚
BDC6	29409	狡
BDC7	35282	角
BDC8	39290	饺
BDC9	32564	缴
BDCA	32478	绞
BDCB	21119	剿
BDCC	25945	教
BDCD	37237	酵
BDCE	36735	轿
BDCF	36739	较
BDD0	21483	叫
BDD1	31382	窖
BDD2	25581	揭
BDD3	25509	接
BDD4	30342	皆
BDD5	31224	秸
BDD6	34903	街
BDD7	38454	阶
BDD8	25130	截
BDD9	21163	劫
BDDA	33410	节
BDDB	26708	桔
BDDC	26480	杰
BDDD	25463	捷
BDDE	30571	睫
BDDF	31469	竭
BDE0	27905	洁
BDE1	32467	结
BDE2	35299	解
BDE3	22992	姐
BDE4	25106	戒
BDE5	34249	藉
BDE6	33445	芥
BDE7	30028	界
BDE8	20511	借
BDE9	20171	介
BDEA	30117	疥
BDEB	35819	诫
BDEC	23626	届
BDED	24062	巾
BDEE	31563	筋
BDEF	26020	斤
BDF0	37329	金
BDF1	20170	今
BDF2	27941	津
BDF3	35167	襟
BDF4	32039	紧
BDF5	38182	锦
BDF6	20165	仅
BDF7	35880	谨
BDF8	36827	进
BDF9	38771	靳
BDFA	26187	晋
BDFB	31105	禁
BDFC	36817	近
BDFD	28908	烬
BDFE	28024	浸
BEA1	23613	尽
BEA2	21170	劲
BEA3	33606	荆
BEA4	20834	兢
BEA5	33550	茎
BEA6	30555	睛
BEA7	26230	晶
BEA8	40120	鲸
BEA9	20140	京
BEAA	24778	惊
BEAB	31934	精
BEAC	31923	粳
BEAD	32463	经
BEAE	20117	井
BEAF	35686	警
BEB0	26223	景
BEB1	39048	颈
BEB2	38745	静
BEB3	22659	境
BEB4	25964	敬
BEB5	38236	镜
BEB6	24452	径
BEB7	30153	痉
BEB8	38742	靖
BEB9	31455	竟
BEBA	31454	竞
BEBB	20928	净
BEBC	28847	炯
BEBD	31384	窘
BEBE	25578	揪
BEBF	31350	究
BEC0	32416	纠
BEC1	29590	玖
BEC2	38893	韭
BEC3	20037	久
BEC4	28792	灸
BEC5	20061	九
BEC6	37202	酒
BEC7	21417	厩
BEC8	25937	救
BEC9	26087	旧
BECA	33276	臼
BECB	33285	舅
BECC	21646	咎
BECD	23601	就
BECE	30106	疚
BECF	38816	鞠
BED0	25304	拘
BED1	29401	狙
BED2	30141	疽
BED3	23621	居
BED4	39545	驹
BED5	33738	菊
BED6	23616	局
BED7	21632	咀
BED8	30697	矩
BED9	20030	举
BEDA	27822	沮
BEDB	32858	聚
BEDC	25298	拒
BEDD	25454	据
BEDE	24040	巨
BEDF	20855	具
BEE0	36317	距
BEE1	36382	踞
BEE2	38191	锯
BEE3	20465	俱
BEE4	21477	句
BEE5	24807	惧
BEE6	28844	炬
BEE7	21095	剧
BEE8	25424	捐
BEE9	40515	鹃
BEEA	23071	娟
BEEB	20518	倦
BEEC	30519	眷
BEED	21367	卷
BEEE	32482	绢
BEEF	25733	撅
BEF0	25899	攫
BEF1	25225	抉
BEF2	25496	掘
BEF3	20500	倔
BEF4	29237	爵
BEF5	35273	觉
BEF6	20915	决
BEF7	35776	诀
BEF8	32477	绝
BEF9	22343	均
BEFA	33740	菌
BEFB	38055	钧
BEFC	20891	军
BEFD	21531	君
BEFE	23803	峻
BFA1	20426	俊
BFA2	31459	竣
BFA3	27994	浚
BFA4	37089	郡
BFA5	39567	骏
BFA6	21888	喀
BFA7	21654	咖
BFA8	21345	卡
BFA9	21679	咯
BFAA	24320	开
BFAB	25577	揩
BFAC	26999	楷
BFAD	20975	凯
BFAE	24936	慨
BFAF	21002	刊
BFB0	22570	堪
BFB1	21208	勘
BFB2	22350	坎
BFB3	30733	砍
BFB4	30475	看
BFB5	24247	康
BFB6	24951	慷
BFB7	31968	糠
BFB8	25179	扛
BFB9	25239	抗
BFBA	20130	亢
BFBB	28821	炕
BFBC	32771	考
BFBD	25335	拷
BFBE	28900	烤
BFBF	38752	靠
BFC0	22391	坷
BFC1	33499	苛
BFC2	26607	柯
BFC3	26869	棵
BFC4	30933	磕
BFC5	39063	颗
BFC6	31185	科
BFC7	22771	壳
BFC8	21683	咳
BFC9	21487	可
BFCA	28212	渴
BFCB	20811	克
BFCC	21051	刻
BFCD	23458	客
BFCE	35838	课
BFCF	32943	肯
BFD0	21827	啃
BFD1	22438	垦
BFD2	24691	恳
BFD3	22353	坑
BFD4	21549	吭
BFD5	31354	空
BFD6	24656	恐
BFD7	23380	孔
BFD8	25511	控
BFD9	25248	抠
BFDA	21475	口
BFDB	25187	扣
BFDC	23495	寇
BFDD	26543	枯
BFDE	21741	哭
BFDF	31391	窟
BFE0	33510	苦
BFE1	37239	酷
BFE2	24211	库
BFE3	35044	裤
BFE4	22840	夸
BFE5	22446	垮
BFE6	25358	挎
BFE7	36328	跨
BFE8	33007	胯
BFE9	22359	块
BFEA	31607	筷
BFEB	20393	侩
BFEC	24555	快
BFED	23485	宽
BFEE	27454	款
BFEF	21281	匡
BFF0	31568	筐
BFF1	29378	狂
BFF2	26694	框
BFF3	30719	矿
BFF4	30518	眶
BFF5	26103	旷
BFF6	20917	况
BFF7	20111	亏
BFF8	30420	盔
BFF9	23743	岿
BFFA	31397	窥
BFFB	33909	葵
BFFC	22862	奎
BFFD	39745	魁
BFFE	20608	傀
C0A1	39304	馈
C0A2	24871	愧
C0A3	28291	溃
C0A4	22372	坤
C0A5	26118	昆
C0A6	25414	捆
C0A7	22256	困
C0A8	25324	括
C0A9	25193	扩
C0AA	24275	廓
C0AB	38420	阔
C0AC	22403	垃
C0AD	25289	拉
C0AE	21895	喇
C0AF	34593	蜡
C0B0	33098	腊
C0B1	36771	辣
C0B2	21862	啦
C0B3	33713	莱
C0B4	26469	来
C0B5	36182	赖
C0B6	34013	蓝
C0B7	23146	婪
C0B8	26639	栏
C0B9	25318	拦
C0BA	31726	篮
C0BB	38417	阑
C0BC	20848	兰
C0BD	28572	澜
C0BE	35888	谰
C0BF	25597	揽
C0C0	35272	览
C0C1	25042	懒
C0C2	32518	缆
C0C3	28866	烂
C0C4	28389	滥
C0C5	29701	琅
C0C6	27028	榔
C0C7	29436	狼
C0C8	24266	廊
C0C9	37070	郎
C0CA	26391	朗
C0CB	28010	浪
C0CC	25438	捞
C0CD	21171	劳
C0CE	29282	牢
C0CF	32769	老
C0D0	20332	佬
C0D1	23013	姥
C0D2	37226	酪
C0D3	28889	烙
C0D4	28061	涝
C0D5	21202	勒
C0D6	20048	乐
C0D7	38647	雷
C0D8	38253	镭
C0D9	34174	蕾
C0DA	30922	磊
C0DB	32047	累
C0DC	20769	儡
C0DD	22418	垒
C0DE	25794	擂
C0DF	32907	肋
C0E0	31867	类
C0E1	27882	泪
C0E2	26865	棱
C0E3	26974	楞
C0E4	20919	冷
C0E5	21400	厘
C0E6	26792	梨
C0E7	29313	犁
C0E8	40654	黎
C0E9	31729	篱
C0EA	29432	狸
C0EB	31163	离
C0EC	28435	漓
C0ED	29702	理
C0EE	26446	李
C0EF	37324	里
C0F0	40100	鲤
C0F1	31036	礼
C0F2	33673	莉
C0F3	33620	荔
C0F4	21519	吏
C0F5	26647	栗
C0F6	20029	丽
C0F7	21385	厉
C0F8	21169	励
C0F9	30782	砾
C0FA	21382	历
C0FB	21033	利
C0FC	20616	傈
C0FD	20363	例
C0FE	20432	俐
C1A1	30178	痢
C1A2	31435	立
C1A3	31890	粒
C1A4	27813	沥
C1A5	38582	隶
C1A6	21147	力
C1A7	29827	璃
C1A8	21737	哩
C1A9	20457	俩
C1AA	32852	联
C1AB	33714	莲
C1AC	36830	连
C1AD	38256	镰
C1AE	24265	廉
C1AF	24604	怜
C1B0	28063	涟
C1B1	24088	帘
C1B2	25947	敛
C1B3	33080	脸
C1B4	38142	链
C1B5	24651	恋
C1B6	28860	炼
C1B7	32451	练
C1B8	31918	粮
C1B9	20937	凉
C1BA	26753	梁
C1BB	31921	粱
C1BC	33391	良
C1BD	20004	两
C1BE	36742	辆
C1BF	37327	量
C1C0	26238	晾
C1C1	20142	亮
C1C2	35845	谅
C1C3	25769	撩
C1C4	32842	聊
C1C5	20698	僚
C1C6	30103	疗
C1C7	29134	燎
C1C8	23525	寥
C1C9	36797	辽
C1CA	28518	潦
C1CB	20102	了
C1CC	25730	撂
C1CD	38243	镣
C1CE	24278	廖
C1CF	26009	料
C1D0	21015	列
C1D1	35010	裂
C1D2	28872	烈
C1D3	21155	劣
C1D4	29454	猎
C1D5	29747	琳
C1D6	26519	林
C1D7	30967	磷
C1D8	38678	霖
C1D9	20020	临
C1DA	37051	邻
C1DB	40158	鳞
C1DC	28107	淋
C1DD	20955	凛
C1DE	36161	赁
C1DF	21533	吝
C1E0	25294	拎
C1E1	29618	玲
C1E2	33777	菱
C1E3	38646	零
C1E4	40836	龄
C1E5	38083	铃
C1E6	20278	伶
C1E7	32666	羚
C1E8	20940	凌
C1E9	28789	灵
C1EA	38517	陵
C1EB	23725	岭
C1EC	39046	领
C1ED	21478	另
C1EE	20196	令
C1EF	28316	溜
C1F0	29705	琉
C1F1	27060	榴
C1F2	30827	硫
C1F3	39311	馏
C1F4	30041	留
C1F5	21016	刘
C1F6	30244	瘤
C1F7	27969	流
C1F8	26611	柳
C1F9	20845	六
C1FA	40857	龙
C1FB	32843	聋
C1FC	21657	咙
C1FD	31548	笼
C1FE	31423	窿
C2A1	38534	隆
C2A2	22404	垄
C2A3	25314	拢
C2A4	38471	陇
C2A5	27004	楼
C2A6	23044	娄
C2A7	25602	搂
C2A8	31699	篓
C2A9	28431	漏
C2AA	38475	陋
C2AB	33446	芦
C2AC	21346	卢
C2AD	39045	颅
C2AE	24208	庐
C2AF	28809	炉
C2B0	25523	掳
C2B1	21348	卤
C2B2	34383	虏
C2B3	40065	鲁
C2B4	40595	麓
C2B5	30860	碌
C2B6	38706	露
C2B7	36335	路
C2B8	36162	赂
C2B9	40575	鹿
C2BA	28510	潞
C2BB	31108	禄
C2BC	24405	录
C2BD	38470	陆
C2BE	25134	戮
C2BF	39540	驴
C2C0	21525	吕
C2C1	38109	铝
C2C2	20387	侣
C2C3	26053	旅
C2C4	23653	履
C2C5	23649	屡
C2C6	32533	缕
C2C7	34385	虑
C2C8	27695	氯
C2C9	24459	律
C2CA	29575	率
C2CB	28388	滤
C2CC	32511	绿
C2CD	23782	峦
C2CE	25371	挛
C2CF	23402	孪
C2D0	28390	滦
C2D1	21365	卵
C2D2	20081	乱
C2D3	25504	掠
C2D4	30053	略
C2D5	25249	抡
C2D6	36718	轮
C2D7	20262	伦
C2D8	20177	仑
C2D9	27814	沦
C2DA	32438	纶
C2DB	35770	论
C2DC	33821	萝
C2DD	34746	螺
C2DE	32599	罗
C2DF	36923	逻
C2E0	38179	锣
C2E1	31657	箩
C2E2	39585	骡
C2E3	35064	裸
C2E4	33853	落
C2E5	27931	洛
C2E6	39558	骆
C2E7	32476	络
C2E8	22920	妈
C2E9	40635	麻
C2EA	29595	玛
C2EB	30721	码
C2EC	34434	蚂
C2ED	39532	马
C2EE	39554	骂
C2EF	22043	嘛
C2F0	21527	吗
C2F1	22475	埋
C2F2	20080	买
C2F3	40614	麦
C2F4	21334	卖
C2F5	36808	迈
C2F6	33033	脉
C2F7	30610	瞒
C2F8	39314	馒
C2F9	34542	蛮
C2FA	28385	满
C2FB	34067	蔓
C2FC	26364	曼
C2FD	24930	慢
C2FE	28459	漫
C3A1	35881	谩
C3A2	33426	芒
C3A3	33579	茫
C3A4	30450	盲
C3A5	27667	氓
C3A6	24537	忙
C3A7	33725	莽
C3A8	29483	猫
C3A9	33541	茅
C3AA	38170	锚
C3AB	27611	毛
C3AC	30683	矛
C3AD	38086	铆
C3AE	21359	卯
C3AF	33538	茂
C3B0	20882	冒
C3B1	24125	帽
C3B2	35980	貌
C3B3	36152	贸
C3B4	20040	么
C3B5	29611	玫
C3B6	26522	枚
C3B7	26757	梅
C3B8	37238	酶
C3B9	38665	霉
C3BA	29028	煤
C3BB	27809	没
C3BC	30473	眉
C3BD	23186	媒
C3BE	38209	镁
C3BF	27599	每
C3C0	32654	美
C3C1	26151	昧
C3C2	23504	寐
C3C3	22969	妹
C3C4	23194	媚
C3C5	38376	门
C3C6	38391	闷
C3C7	20204	们
C3C8	33804	萌
C3C9	33945	蒙
C3CA	27308	檬
C3CB	30431	盟
C3CC	38192	锰
C3CD	29467	猛
C3CE	26790	梦
C3CF	23391	孟
C3D0	30511	眯
C3D1	37274	醚
C3D2	38753	靡
C3D3	31964	糜
C3D4	36855	迷
C3D5	35868	谜
C3D6	24357	弥
C3D7	31859	米
C3D8	31192	秘
C3D9	35269	觅
C3DA	27852	泌
C3DB	34588	蜜
C3DC	23494	密
C3DD	24130	幂
C3DE	26825	棉
C3DF	30496	眠
C3E0	32501	绵
C3E1	20885	冕
C3E2	20813	免
C3E3	21193	勉
C3E4	23081	娩
C3E5	32517	缅
C3E6	38754	面
C3E7	33495	苗
C3E8	25551	描
C3E9	30596	瞄
C3EA	34256	藐
C3EB	31186	秒
C3EC	28218	渺
C3ED	24217	庙
C3EE	22937	妙
C3EF	34065	蔑
C3F0	28781	灭
C3F1	27665	民
C3F2	25279	抿
C3F3	30399	皿
C3F4	25935	敏
C3F5	24751	悯
C3F6	38397	闽
C3F7	26126	明
C3F8	34719	螟
C3F9	40483	鸣
C3FA	38125	铭
C3FB	21517	名
C3FC	21629	命
C3FD	35884	谬
C3FE	25720	摸
C4A1	25721	摹
C4A2	34321	蘑
C4A3	27169	模
C4A4	33180	膜
C4A5	30952	磨
C4A6	25705	摩
C4A7	39764	魔
C4A8	25273	抹
C4A9	26411	末
C4AA	33707	莫
C4AB	22696	墨
C4AC	40664	默
C4AD	27819	沫
C4AE	28448	漠
C4AF	23518	寞
C4B0	38476	陌
C4B1	35851	谋
C4B2	29279	牟
C4B3	26576	某
C4B4	25287	拇
C4B5	29281	牡
C4B6	20137	亩
C4B7	22982	姆
C4B8	27597	母
C4B9	22675	墓
C4BA	26286	暮
C4BB	24149	幕
C4BC	21215	募
C4BD	24917	慕
C4BE	26408	木
C4BF	30446	目
C4C0	30566	睦
C4C1	29287	牧
C4C2	31302	穆
C4C3	25343	拿
C4C4	21738	哪
C4C5	21584	呐
C4C6	38048	钠
C4C7	37027	那
C4C8	23068	娜
C4C9	32435	纳
C4CA	27670	氖
C4CB	20035	乃
C4CC	22902	奶
C4CD	32784	耐
C4CE	22856	奈
C4CF	21335	南
C4D0	30007	男
C4D1	38590	难
C4D2	22218	囊
C4D3	25376	挠
C4D4	33041	脑
C4D5	24700	恼
C4D6	38393	闹
C4D7	28118	淖
C4D8	21602	呢
C4D9	39297	馁
C4DA	20869	内
C4DB	23273	嫩
C4DC	33021	能
C4DD	22958	妮
C4DE	38675	霓
C4DF	20522	倪
C4E0	27877	泥
C4E1	23612	尼
C4E2	25311	拟
C4E3	20320	你
C4E4	21311	匿
C4E5	33147	腻
C4E6	36870	逆
C4E7	28346	溺
C4E8	34091	蔫
C4E9	25288	拈
C4EA	24180	年
C4EB	30910	碾
C4EC	25781	撵
C4ED	25467	捻
C4EE	24565	念
C4EF	23064	娘
C4F0	37247	酿
C4F1	40479	鸟
C4F2	23615	尿
C4F3	25423	捏
C4F4	32834	聂
C4F5	23421	孽
C4F6	21870	啮
C4F7	38218	镊
C4F8	38221	镍
C4F9	28037	涅
C4FA	24744	您
C4FB	26592	柠
C4FC	29406	狞
C4FD	20957	凝
C4FE	23425	宁
C5A1	25319	拧
C5A2	27870	泞
C5A3	29275	牛
C5A4	25197	扭
C5A5	38062	钮
C5A6	32445	纽
C5A7	33043	脓
C5A8	27987	浓
C5A9	20892	农
C5AA	24324	弄
C5AB	22900	奴
C5AC	21162	努
C5AD	24594	怒
C5AE	22899	女
C5AF	26262	暖
C5B0	34384	虐
C5B1	30111	疟
C5B2	25386	挪
C5B3	25062	懦
C5B4	31983	糯
C5B5	35834	诺
C5B6	21734	哦
C5B7	27431	欧
C5B8	40485	鸥
C5B9	27572	殴
C5BA	34261	藕
C5BB	21589	呕
C5BC	20598	偶
C5BD	27812	沤
C5BE	21866	啪
C5BF	36276	趴
C5C0	29228	爬
C5C1	24085	帕
C5C2	24597	怕
C5C3	29750	琶
C5C4	25293	拍
C5C5	25490	排
C5C6	29260	牌
C5C7	24472	徘
C5C8	28227	湃
C5C9	27966	派
C5CA	25856	攀
C5CB	28504	潘
C5CC	30424	盘
C5CD	30928	磐
C5CE	30460	盼
C5CF	30036	畔
C5D0	21028	判
C5D1	21467	叛
C5D2	20051	乓
C5D3	24222	庞
C5D4	26049	旁
C5D5	32810	耪
C5D6	32982	胖
C5D7	25243	抛
C5D8	21638	咆
C5D9	21032	刨
C5DA	28846	炮
C5DB	34957	袍
C5DC	36305	跑
C5DD	27873	泡
C5DE	21624	呸
C5DF	32986	胚
C5E0	22521	培
C5E1	35060	裴
C5E2	36180	赔
C5E3	38506	陪
C5E4	37197	配
C5E5	20329	佩
C5E6	27803	沛
C5E7	21943	喷
C5E8	30406	盆
C5E9	30768	砰
C5EA	25256	抨
C5EB	28921	烹
C5EC	28558	澎
C5ED	24429	彭
C5EE	34028	蓬
C5EF	26842	棚
C5F0	30844	硼
C5F1	31735	篷
C5F2	33192	膨
C5F3	26379	朋
C5F4	40527	鹏
C5F5	25447	捧
C5F6	30896	碰
C5F7	22383	坯
C5F8	30738	砒
C5F9	38713	霹
C5FA	25209	批
C5FB	25259	披
C5FC	21128	劈
C5FD	29749	琵
C5FE	27607	毗
C6A1	21860	啤
C6A2	33086	脾
C6A3	30130	疲
C6A4	30382	皮
C6A5	21305	匹
C6A6	30174	痞
C6A7	20731	僻
C6A8	23617	屁
C6A9	35692	譬
C6AA	31687	篇
C6AB	20559	偏
C6AC	29255	片
C6AD	39575	骗
C6AE	39128	飘
C6AF	28418	漂
C6B0	29922	瓢
C6B1	31080	票
C6B2	25735	撇
C6B3	30629	瞥
C6B4	25340	拼
C6B5	39057	频
C6B6	36139	贫
C6B7	21697	品
C6B8	32856	聘
C6B9	20050	乒
C6BA	22378	坪
C6BB	33529	苹
C6BC	33805	萍
C6BD	24179	平
C6BE	20973	凭
C6BF	29942	瓶
C6C0	35780	评
C6C1	23631	屏
C6C2	22369	坡
C6C3	27900	泼
C6C4	39047	颇
C6C5	23110	婆
C6C6	30772	破
C6C7	39748	魄
C6C8	36843	迫
C6C9	31893	粕
C6CA	21078	剖
C6CB	25169	扑
C6CC	38138	铺
C6CD	20166	仆
C6CE	33670	莆
C6CF	33889	葡
C6D0	33769	菩
C6D1	33970	蒲
C6D2	22484	埔
C6D3	26420	朴
C6D4	22275	圃
C6D5	26222	普
C6D6	28006	浦
C6D7	35889	谱
C6D8	26333	曝
C6D9	28689	瀑
C6DA	26399	期
C6DB	27450	欺
C6DC	26646	栖
C6DD	25114	戚
C6DE	22971	妻
C6DF	19971	七
C6E0	20932	凄
C6E1	28422	漆
C6E2	26578	柒
C6E3	27791	沏
C6E4	20854	其
C6E5	26827	棋
C6E6	22855	奇
C6E7	27495	歧
C6E8	30054	畦
C6E9	23822	崎
C6EA	33040	脐
C6EB	40784	齐
C6EC	26071	旗
C6ED	31048	祈
C6EE	31041	祁
C6EF	39569	骑
C6F0	36215	起
C6F1	23682	岂
C6F2	20062	乞
C6F3	20225	企
C6F4	21551	启
C6F5	22865	契
C6F6	30732	砌
C6F7	22120	器
C6F8	27668	气
C6F9	36804	迄
C6FA	24323	弃
C6FB	27773	汽
C6FC	27875	泣
C6FD	35755	讫
C6FE	25488	掐
C7A1	24688	恰
C7A2	27965	洽
C7A3	29301	牵
C7A4	25190	扦
C7A5	38030	钎
C7A6	38085	铅
C7A7	21315	千
C7A8	36801	迁
C7A9	31614	签
C7AA	20191	仟
C7AB	35878	谦
C7AC	20094	乾
C7AD	40660	黔
C7AE	38065	钱
C7AF	38067	钳
C7B0	21069	前
C7B1	28508	潜
C7B2	36963	遣
C7B3	27973	浅
C7B4	35892	谴
C7B5	22545	堑
C7B6	23884	嵌
C7B7	27424	欠
C7B8	27465	歉
C7B9	26538	枪
C7BA	21595	呛
C7BB	33108	腔
C7BC	32652	羌
C7BD	22681	墙
C7BE	34103	蔷
C7BF	24378	强
C7C0	25250	抢
C7C1	27207	橇
C7C2	38201	锹
C7C3	25970	敲
C7C4	24708	悄
C7C5	26725	桥
C7C6	30631	瞧
C7C7	20052	乔
C7C8	20392	侨
C7C9	24039	巧
C7CA	38808	鞘
C7CB	25772	撬
C7CC	32728	翘
C7CD	23789	峭
C7CE	20431	俏
C7CF	31373	窍
C7D0	20999	切
C7D1	33540	茄
C7D2	19988	且
C7D3	24623	怯
C7D4	31363	窃
C7D5	38054	钦
C7D6	20405	侵
C7D7	20146	亲
C7D8	31206	秦
C7D9	29748	琴
C7DA	21220	勤
C7DB	33465	芹
C7DC	25810	擒
C7DD	31165	禽
C7DE	23517	寝
C7DF	27777	沁
C7E0	38738	青
C7E1	36731	轻
C7E2	27682	氢
C7E3	20542	倾
C7E4	21375	卿
C7E5	28165	清
C7E6	25806	擎
C7E7	26228	晴
C7E8	27696	氰
C7E9	24773	情
C7EA	39031	顷
C7EB	35831	请
C7EC	24198	庆
C7ED	29756	琼
C7EE	31351	穷
C7EF	31179	秋
C7F0	19992	丘
C7F1	37041	邱
C7F2	29699	球
C7F3	27714	求
C7F4	22234	囚
C7F5	37195	酋
C7F6	27845	泅
C7F7	36235	趋
C7F8	21306	区
C7F9	34502	蛆
C7FA	26354	曲
C7FB	36527	躯
C7FC	23624	屈
C7FD	39537	驱
C7FE	28192	渠
C8A1	21462	取
C8A2	23094	娶
C8A3	40843	龋
C8A4	36259	趣
C8A5	21435	去
C8A6	22280	圈
C8A7	39079	颧
C8A8	26435	权
C8A9	37275	醛
C8AA	27849	泉
C8AB	20840	全
C8AC	30154	痊
C8AD	25331	拳
C8AE	29356	犬
C8AF	21048	券
C8B0	21149	劝
C8B1	32570	缺
C8B2	28820	炔
C8B3	30264	瘸
C8B4	21364	却
C8B5	40522	鹊
C8B6	27063	榷
C8B7	30830	确
C8B8	38592	雀
C8B9	35033	裙
C8BA	32676	群
C8BB	28982	然
C8BC	29123	燃
C8BD	20873	冉
C8BE	26579	染
C8BF	29924	瓤
C8C0	22756	壤
C8C1	25880	攘
C8C2	22199	嚷
C8C3	35753	让
C8C4	39286	饶
C8C5	25200	扰
C8C6	32469	绕
C8C7	24825	惹
C8C8	28909	热
C8C9	22764	壬
C8CA	20161	仁
C8CB	20154	人
C8CC	24525	忍
C8CD	38887	韧
C8CE	20219	任
C8CF	35748	认
C8D0	20995	刃
C8D1	22922	妊
C8D2	32427	纫
C8D3	25172	扔
C8D4	20173	仍
C8D5	26085	日
C8D6	25102	戎
C8D7	33592	茸
C8D8	33993	蓉
C8D9	33635	荣
C8DA	34701	融
C8DB	29076	熔
C8DC	28342	溶
C8DD	23481	容
C8DE	32466	绒
C8DF	20887	冗
C8E0	25545	揉
C8E1	26580	柔
C8E2	32905	肉
C8E3	33593	茹
C8E4	34837	蠕
C8E5	20754	儒
C8E6	23418	孺
C8E7	22914	如
C8E8	36785	辱
C8E9	20083	乳
C8EA	27741	汝
C8EB	20837	入
C8EC	35109	褥
C8ED	36719	软
C8EE	38446	阮
C8EF	34122	蕊
C8F0	29790	瑞
C8F1	38160	锐
C8F2	38384	闰
C8F3	28070	润
C8F4	33509	若
C8F5	24369	弱
C8F6	25746	撒
C8F7	27922	洒
C8F8	33832	萨
C8F9	33134	腮
C8FA	40131	鳃
C8FB	22622	塞
C8FC	36187	赛
C8FD	19977	三
C8FE	21441	叁
C9A1	20254	伞
C9A2	25955	散
C9A3	26705	桑
C9A4	21971	嗓
C9A5	20007	丧
C9A6	25620	搔
C9A7	39578	骚
C9A8	25195	扫
C9A9	23234	嫂
C9AA	29791	瑟
C9AB	33394	色
C9AC	28073	涩
C9AD	26862	森
C9AE	20711	僧
C9AF	33678	莎
C9B0	30722	砂
C9B1	26432	杀
C9B2	21049	刹
C9B3	27801	沙
C9B4	32433	纱
C9B5	20667	傻
C9B6	21861	啥
C9B7	29022	煞
C9B8	31579	筛
C9B9	26194	晒
C9BA	29642	珊
C9BB	33515	苫
C9BC	26441	杉
C9BD	23665	山
C9BE	21024	删
C9BF	29053	煽
C9C0	34923	衫
C9C1	38378	闪
C9C2	38485	陕
C9C3	25797	擅
C9C4	36193	赡
C9C5	33203	膳
C9C6	21892	善
C9C7	27733	汕
C9C8	25159	扇
C9C9	32558	缮
C9CA	22674	墒
C9CB	20260	伤
C9CC	21830	商
C9CD	36175	赏
C9CE	26188	晌
C9CF	19978	上
C9D0	23578	尚
C9D1	35059	裳
C9D2	26786	梢
C9D3	25422	捎
C9D4	31245	稍
C9D5	28903	烧
C9D6	33421	芍
C9D7	21242	勺
C9D8	38902	韶
C9D9	23569	少
C9DA	21736	哨
C9DB	37045	邵
C9DC	32461	绍
C9DD	22882	奢
C9DE	36170	赊
C9DF	34503	蛇
C9E0	33292	舌
C9E1	33293	舍
C9E2	36198	赦
C9E3	25668	摄
C9E4	23556	射
C9E5	24913	慑
C9E6	28041	涉
C9E7	31038	社
C9E8	35774	设
C9E9	30775	砷
C9EA	30003	申
C9EB	21627	呻
C9EC	20280	伸
C9ED	36523	身
C9EE	28145	深
C9EF	23072	娠
C9F0	32453	绅
C9F1	31070	神
C9F2	27784	沈
C9F3	23457	审
C9F4	23158	婶
C9F5	29978	甚
C9F6	32958	肾
C9F7	24910	慎
C9F8	28183	渗
C9F9	22768	声
C9FA	29983	生
C9FB	29989	甥
C9FC	29298	牲
C9FD	21319	升
C9FE	32499	绳
CAA1	30465	省
CAA2	30427	盛
CAA3	21097	剩
CAA4	32988	胜
CAA5	22307	圣
CAA6	24072	师
CAA7	22833	失
CAA8	29422	狮
CAA9	26045	施
CAAA	28287	湿
CAAB	35799	诗
CAAC	23608	尸
CAAD	34417	虱
CAAE	21313	十
CAAF	30707	石
CAB0	25342	拾
CAB1	26102	时
CAB2	20160	什
CAB3	39135	食
CAB4	34432	蚀
CAB5	23454	实
CAB6	35782	识
CAB7	21490	史
CAB8	30690	矢
CAB9	20351	使
CABA	23630	屎
CABB	39542	驶
CABC	22987	始
CABD	24335	式
CABE	31034	示
CABF	22763	士
CAC0	19990	世
CAC1	26623	柿
CAC2	20107	事
CAC3	25325	拭
CAC4	35475	誓
CAC5	36893	逝
CAC6	21183	势
CAC7	26159	是
CAC8	21980	嗜
CAC9	22124	噬
CACA	36866	适
CACB	20181	仕
CACC	20365	侍
CACD	37322	释
CACE	39280	饰
CACF	27663	氏
CAD0	24066	市
CAD1	24643	恃
CAD2	23460	室
CAD3	35270	视
CAD4	35797	试
CAD5	25910	收
CAD6	25163	手
CAD7	39318	首
CAD8	23432	守
CAD9	23551	寿
CADA	25480	授
CADB	21806	售
CADC	21463	受
CADD	30246	瘦
CADE	20861	兽
CADF	34092	蔬
CAE0	26530	枢
CAE1	26803	梳
CAE2	27530	殊
CAE3	25234	抒
CAE4	36755	输
CAE5	21460	叔
CAE6	33298	舒
CAE7	28113	淑
CAE8	30095	疏
CAE9	20070	书
CAEA	36174	赎
CAEB	23408	孰
CAEC	29087	熟
CAED	34223	薯
CAEE	26257	暑
CAEF	26329	曙
CAF0	32626	署
CAF1	34560	蜀
CAF2	40653	黍
CAF3	40736	鼠
CAF4	23646	属
CAF5	26415	术
CAF6	36848	述
CAF7	26641	树
CAF8	26463	束
CAF9	25101	戍
CAFA	31446	竖
CAFB	22661	墅
CAFC	24246	庶
CAFD	25968	数
CAFE	28465	漱
CBA1	24661	恕
CBA2	21047	刷
CBA3	32781	耍
CBA4	25684	摔
CBA5	34928	衰
CBA6	29993	甩
CBA7	24069	帅
CBA8	26643	栓
CBA9	25332	拴
CBAA	38684	霜
CBAB	21452	双
CBAC	29245	爽
CBAD	35841	谁
CBAE	27700	水
CBAF	30561	睡
CBB0	31246	税
CBB1	21550	吮
CBB2	30636	瞬
CBB3	39034	顺
CBB4	33308	舜
CBB5	35828	说
CBB6	30805	硕
CBB7	26388	朔
CBB8	28865	烁
CBB9	26031	斯
CBBA	25749	撕
CBBB	22070	嘶
CBBC	24605	思
CBBD	31169	私
CBBE	21496	司
CBBF	19997	丝
CBC0	27515	死
CBC1	32902	肆
CBC2	23546	寺
CBC3	21987	嗣
CBC4	22235	四
CBC5	20282	伺
CBC6	20284	似
CBC7	39282	饲
CBC8	24051	巳
CBC9	26494	松
CBCA	32824	耸
CBCB	24578	怂
CBCC	39042	颂
CBCD	36865	送
CBCE	23435	宋
CBCF	35772	讼
CBD0	35829	诵
CBD1	25628	搜
CBD2	33368	艘
CBD3	25822	擞
CBD4	22013	嗽
CBD5	33487	苏
CBD6	37221	酥
CBD7	20439	俗
CBD8	32032	素
CBD9	36895	速
CBDA	31903	粟
CBDB	20723	僳
CBDC	22609	塑
CBDD	28335	溯
CBDE	23487	宿
CBDF	35785	诉
CBE0	32899	肃
CBE1	37240	酸
CBE2	33948	蒜
CBE3	31639	算
CBE4	34429	虽
CBE5	38539	隋
CBE6	38543	随
CBE7	32485	绥
CBE8	39635	髓
CBE9	30862	碎
CBEA	23681	岁
CBEB	31319	穗
CBEC	36930	遂
CBED	38567	隧
CBEE	31071	祟
CBEF	23385	孙
CBF0	25439	损
CBF1	31499	笋
CBF2	34001	蓑
CBF3	26797	梭
CBF4	21766	唆
CBF5	32553	缩
CBF6	29712	琐
CBF7	32034	索
CBF8	38145	锁
CBF9	25152	所
CBFA	22604	塌
CBFB	20182	他
CBFC	23427	它
CBFD	22905	她
CBFE	22612	塔
CCA1	29549	獭
CCA2	25374	挞
CCA3	36427	蹋
CCA4	36367	踏
CCA5	32974	胎
CCA6	33492	苔
CCA7	25260	抬
CCA8	21488	台
CCA9	27888	泰
CCAA	37214	酞
CCAB	22826	太
CCAC	24577	态
CCAD	27760	汰
CCAE	22349	坍
CCAF	25674	摊
CCB0	36138	贪
CCB1	30251	瘫
CCB2	28393	滩
CCB3	22363	坛
CCB4	27264	檀
CCB5	30192	痰
CCB6	28525	潭
CCB7	35885	谭
CCB8	35848	谈
CCB9	22374	坦
CCBA	27631	毯
CCBB	34962	袒
CCBC	30899	碳
CCBD	25506	探
CCBE	21497	叹
CCBF	28845	炭
CCC0	27748	汤
CCC1	22616	塘
CCC2	25642	搪
CCC3	22530	堂
CCC4	26848	棠
CCC5	33179	膛
CCC6	21776	唐
CCC7	31958	糖
CCC8	20504	倘
CCC9	36538	躺
CCCA	28108	淌
CCCB	36255	趟
CCCC	28907	烫
CCCD	25487	掏
CCCE	28059	涛
CCCF	28372	滔
CCD0	32486	绦
CCD1	33796	萄
CCD2	26691	桃
CCD3	36867	逃
CCD4	28120	淘
CCD5	38518	陶
CCD6	35752	讨
CCD7	22871	套
CCD8	29305	特
CCD9	34276	藤
CCDA	33150	腾
CCDB	30140	疼
CCDC	35466	誊
CCDD	26799	梯
CCDE	21076	剔
CCDF	36386	踢
CCE0	38161	锑
CCE1	25552	提
CCE2	39064	题
CCE3	36420	蹄
CCE4	21884	啼
CCE5	20307	体
CCE6	26367	替
CCE7	22159	嚏
CCE8	24789	惕
CCE9	28053	涕
CCEA	21059	剃
CCEB	23625	屉
CCEC	22825	天
CCED	28155	添
CCEE	22635	填
CCEF	30000	田
CCF0	29980	甜
CCF1	24684	恬
CCF2	33300	舔
CCF3	33094	腆
CCF4	25361	挑
CCF5	26465	条
CCF6	36834	迢
CCF7	30522	眺
CCF8	36339	跳
CCF9	36148	贴
CCFA	38081	铁
CCFB	24086	帖
CCFC	21381	厅
CCFD	21548	听
CCFE	28867	烃
CDA1	27712	汀
CDA2	24311	廷
CDA3	20572	停
CDA4	20141	亭
CDA5	24237	庭
CDA6	25402	挺
CDA7	33351	艇
CDA8	36890	通
CDA9	26704	桐
CDAA	37230	酮
CDAB	30643	瞳
CDAC	21516	同
CDAD	38108	铜
CDAE	24420	彤
CDAF	31461	童
CDB0	26742	桶
CDB1	25413	捅
CDB2	31570	筒
CDB3	32479	统
CDB4	30171	痛
CDB5	20599	偷
CDB6	25237	投
CDB7	22836	头
CDB8	36879	透
CDB9	20984	凸
CDBA	31171	秃
CDBB	31361	突
CDBC	22270	图
CDBD	24466	徒
CDBE	36884	途
CDBF	28034	涂
CDC0	23648	屠
CDC1	22303	土
CDC2	21520	吐
CDC3	20820	兔
CDC4	28237	湍
CDC5	22242	团
CDC6	25512	推
CDC7	39059	颓
CDC8	33151	腿
CDC9	34581	蜕
CDCA	35114	褪
CDCB	36864	退
CDCC	21534	吞
CDCD	23663	屯
CDCE	33216	臀
CDCF	25302	拖
CDD0	25176	托
CDD1	33073	脱
CDD2	40501	鸵
CDD3	38464	陀
CDD4	39534	驮
CDD5	39548	驼
CDD6	26925	椭
CDD7	22949	妥
CDD8	25299	拓
CDD9	21822	唾
CDDA	25366	挖
CDDB	21703	哇
CDDC	34521	蛙
CDDD	27964	洼
CDDE	23043	娃
CDDF	29926	瓦
CDE0	34972	袜
CDE1	27498	歪
CDE2	22806	外
CDE3	35916	豌
CDE4	24367	弯
CDE5	28286	湾
CDE6	29609	玩
CDE7	39037	顽
CDE8	20024	丸
CDE9	28919	烷
CDEA	23436	完
CDEB	30871	碗
CDEC	25405	挽
CDED	26202	晚
CDEE	30358	皖
CDEF	24779	惋
CDF0	23451	宛
CDF1	23113	婉
CDF2	19975	万
CDF3	33109	腕
CDF4	27754	汪
CDF5	29579	王
CDF6	20129	亡
CDF7	26505	枉
CDF8	32593	网
CDF9	24448	往
CDFA	26106	旺
CDFB	26395	望
CDFC	24536	忘
CDFD	22916	妄
CDFE	23041	威
CEA1	24013	巍
CEA2	24494	微
CEA3	21361	危
CEA4	38886	韦
CEA5	36829	违
CEA6	26693	桅
CEA7	22260	围
CEA8	21807	唯
CEA9	24799	惟
CEAA	20026	为
CEAB	28493	潍
CEAC	32500	维
CEAD	33479	苇
CEAE	33806	萎
CEAF	22996	委
CEB0	20255	伟
CEB1	20266	伪
CEB2	23614	尾
CEB3	32428	纬
CEB4	26410	未
CEB5	34074	蔚
CEB6	21619	味
CEB7	30031	畏
CEB8	32963	胃
CEB9	21890	喂
CEBA	39759	魏
CEBB	20301	位
CEBC	28205	渭
CEBD	35859	谓
CEBE	23561	尉
CEBF	24944	慰
CEC0	21355	卫
CEC1	30239	瘟
CEC2	28201	温
CEC3	34442	蚊
CEC4	25991	文
CEC5	38395	闻
CEC6	32441	纹
CEC7	21563	吻
CEC8	31283	稳
CEC9	32010	紊
CECA	38382	问
CECB	21985	嗡
CECC	32705	翁
CECD	29934	瓮
CECE	25373	挝
CECF	34583	蜗
CED0	28065	涡
CED1	31389	窝
CED2	25105	我
CED3	26017	斡
CED4	21351	卧
CED5	25569	握
CED6	27779	沃
CED7	24043	巫
CED8	21596	呜
CED9	38056	钨
CEDA	20044	乌
CEDB	27745	污
CEDC	35820	诬
CEDD	23627	屋
CEDE	26080	无
CEDF	33436	芜
CEE0	26791	梧
CEE1	21566	吾
CEE2	21556	吴
CEE3	27595	毋
CEE4	27494	武
CEE5	20116	五
CEE6	25410	捂
CEE7	21320	午
CEE8	33310	舞
CEE9	20237	伍
CEEA	20398	侮
CEEB	22366	坞
CEEC	25098	戊
CEED	38654	雾
CEEE	26212	晤
CEEF	29289	物
CEF0	21247	勿
CEF1	21153	务
CEF2	24735	悟
CEF3	35823	误
CEF4	26132	昔
CEF5	29081	熙
CEF6	26512	析
CEF7	35199	西
CEF8	30802	硒
CEF9	30717	矽
CEFA	26224	晰
CEFB	22075	嘻
CEFC	21560	吸
CEFD	38177	锡
CEFE	29306	牺
CFA1	31232	稀
CFA2	24687	息
CFA3	24076	希
CFA4	24713	悉
CFA5	33181	膝
CFA6	22805	夕
CFA7	24796	惜
CFA8	29060	熄
CFA9	28911	烯
CFAA	28330	溪
CFAB	27728	汐
CFAC	29312	犀
CFAD	27268	檄
CFAE	34989	袭
CFAF	24109	席
CFB0	20064	习
CFB1	23219	媳
CFB2	21916	喜
CFB3	38115	铣
CFB4	27927	洗
CFB5	31995	系
CFB6	38553	隙
CFB7	25103	戏
CFB8	32454	细
CFB9	30606	瞎
CFBA	34430	虾
CFBB	21283	匣
CFBC	38686	霞
CFBD	36758	辖
CFBE	26247	暇
CFBF	23777	峡
CFC0	20384	侠
CFC1	29421	狭
CFC2	19979	下
CFC3	21414	厦
CFC4	22799	夏
CFC5	21523	吓
CFC6	25472	掀
CFC7	38184	锨
CFC8	20808	先
CFC9	20185	仙
CFCA	40092	鲜
CFCB	32420	纤
CFCC	21688	咸
CFCD	36132	贤
CFCE	34900	衔
CFCF	33335	舷
CFD0	38386	闲
CFD1	28046	涎
CFD2	24358	弦
CFD3	23244	嫌
CFD4	26174	显
CFD5	38505	险
CFD6	29616	现
CFD7	29486	献
CFD8	21439	县
CFD9	33146	腺
CFDA	39301	馅
CFDB	32673	羡
CFDC	23466	宪
CFDD	38519	陷
CFDE	38480	限
CFDF	32447	线
CFE0	30456	相
CFE1	21410	厢
CFE2	38262	镶
CFE3	39321	香
CFE4	31665	箱
CFE5	35140	襄
CFE6	28248	湘
CFE7	20065	乡
CFE8	32724	翔
CFE9	31077	祥
CFEA	35814	详
CFEB	24819	想
CFEC	21709	响
CFED	20139	享
CFEE	39033	项
CFEF	24055	巷
CFF0	27233	橡
CFF1	20687	像
CFF2	21521	向
CFF3	35937	象
CFF4	33831	萧
CFF5	30813	硝
CFF6	38660	霄
CFF7	21066	削
CFF8	21742	哮
CFF9	22179	嚣
CFFA	38144	销
CFFB	28040	消
CFFC	23477	宵
CFFD	28102	淆
CFFE	26195	晓
D0A1	23567	小
D0A2	23389	孝
D0A3	26657	校
D0A4	32918	肖
D0A5	21880	啸
D0A6	31505	笑
D0A7	25928	效
D0A8	26964	楔
D0A9	20123	些
D0AA	27463	歇
D0AB	34638	蝎
D0AC	38795	鞋
D0AD	21327	协
D0AE	25375	挟
D0AF	25658	携
D0B0	37034	邪
D0B1	26012	斜
D0B2	32961	胁
D0B3	35856	谐
D0B4	20889	写
D0B5	26800	械
D0B6	21368	卸
D0B7	34809	蟹
D0B8	25032	懈
D0B9	27844	泄
D0BA	27899	泻
D0BB	35874	谢
D0BC	23633	屑
D0BD	34218	薪
D0BE	33455	芯
D0BF	38156	锌
D0C0	27427	欣
D0C1	36763	辛
D0C2	26032	新
D0C3	24571	忻
D0C4	24515	心
D0C5	20449	信
D0C6	34885	衅
D0C7	26143	星
D0C8	33125	腥
D0C9	29481	猩
D0CA	24826	惺
D0CB	20852	兴
D0CC	21009	刑
D0CD	22411	型
D0CE	24418	形
D0CF	37026	邢
D0D0	34892	行
D0D1	37266	醒
D0D2	24184	幸
D0D3	26447	杏
D0D4	24615	性
D0D5	22995	姓
D0D6	20804	兄
D0D7	20982	凶
D0D8	33016	胸
D0D9	21256	匈
D0DA	27769	汹
D0DB	38596	雄
D0DC	29066	熊
D0DD	20241	休
D0DE	20462	修
D0DF	32670	羞
D0E0	26429	朽
D0E1	21957	嗅
D0E2	38152	锈
D0E3	31168	秀
D0E4	34966	袖
D0E5	32483	绣
D0E6	22687	墟
D0E7	25100	戌
D0E8	38656	需
D0E9	34394	虚
D0EA	22040	嘘
D0EB	39035	须
D0EC	24464	徐
D0ED	35768	许
D0EE	33988	蓄
D0EF	37207	酗
D0F0	21465	叙
D0F1	26093	旭
D0F2	24207	序
D0F3	30044	畜
D0F4	24676	恤
D0F5	32110	絮
D0F6	23167	婿
D0F7	32490	绪
D0F8	32493	续
D0F9	36713	轩
D0FA	21927	喧
D0FB	23459	宣
D0FC	24748	悬
D0FD	26059	旋
D0FE	29572	玄
D1A1	36873	选
D1A2	30307	癣
D1A3	30505	眩
D1A4	32474	绚
D1A5	38772	靴
D1A6	34203	薛
D1A7	23398	学
D1A8	31348	穴
D1A9	38634	雪
D1AA	34880	血
D1AB	21195	勋
D1AC	29071	熏
D1AD	24490	循
D1AE	26092	旬
D1AF	35810	询
D1B0	23547	寻
D1B1	39535	驯
D1B2	24033	巡
D1B3	27529	殉
D1B4	27739	汛
D1B5	35757	训
D1B6	35759	讯
D1B7	36874	逊
D1B8	36805	迅
D1B9	21387	压
D1BA	25276	押
D1BB	40486	鸦
D1BC	40493	鸭
D1BD	21568	呀
D1BE	20011	丫
D1BF	33469	芽
D1C0	29273	牙
D1C1	34460	蚜
D1C2	23830	崖
D1C3	34905	衙
D1C4	28079	涯
D1C5	38597	雅
D1C6	21713	哑
D1C7	20122	亚
D1C8	35766	讶
D1C9	28937	焉
D1CA	21693	咽
D1CB	38409	阉
D1CC	28895	烟
D1CD	28153	淹
D1CE	30416	盐
D1CF	20005	严
D1D0	30740	研
D1D1	34578	蜒
D1D2	23721	岩
D1D3	24310	延
D1D4	35328	言
D1D5	39068	颜
D1D6	38414	阎
D1D7	28814	炎
D1D8	27839	沿
D1D9	22852	奄
D1DA	25513	掩
D1DB	30524	眼
D1DC	34893	衍
D1DD	28436	演
D1DE	33395	艳
D1DF	22576	堰
D1E0	29141	燕
D1E1	21388	厌
D1E2	30746	砚
D1E3	38593	雁
D1E4	21761	唁
D1E5	24422	彦
D1E6	28976	焰
D1E7	23476	宴
D1E8	35866	谚
D1E9	39564	验
D1EA	27523	殃
D1EB	22830	央
D1EC	40495	鸯
D1ED	31207	秧
D1EE	26472	杨
D1EF	25196	扬
D1F0	20335	佯
D1F1	30113	疡
D1F2	32650	羊
D1F3	27915	洋
D1F4	38451	阳
D1F5	27687	氧
D1F6	20208	仰
D1F7	30162	痒
D1F8	20859	养
D1F9	26679	样
D1FA	28478	漾
D1FB	36992	邀
D1FC	33136	腰
D1FD	22934	妖
D1FE	29814	瑶
D2A1	25671	摇
D2A2	23591	尧
D2A3	36965	遥
D2A4	31377	窑
D2A5	35875	谣
D2A6	23002	姚
D2A7	21676	咬
D2A8	33280	舀
D2A9	33647	药
D2AA	35201	要
D2AB	32768	耀
D2AC	26928	椰
D2AD	22094	噎
D2AE	32822	耶
D2AF	29239	爷
D2B0	37326	野
D2B1	20918	冶
D2B2	20063	也
D2B3	39029	页
D2B4	25494	掖
D2B5	19994	业
D2B6	21494	叶
D2B7	26355	曳
D2B8	33099	腋
D2B9	22812	夜
D2BA	28082	液
D2BB	19968	一
D2BC	22777	壹
D2BD	21307	医
D2BE	25558	揖
D2BF	38129	铱
D2C0	20381	依
D2C1	20234	伊
D2C2	34915	衣
D2C3	39056	颐
D2C4	22839	夷
D2C5	36951	遗
D2C6	31227	移
D2C7	20202	仪
D2C8	33008	胰
D2C9	30097	疑
D2CA	27778	沂
D2CB	23452	宜
D2CC	23016	姨
D2CD	24413	彝
D2CE	26885	椅
D2CF	34433	蚁
D2D0	20506	倚
D2D1	24050	已
D2D2	20057	乙
D2D3	30691	矣
D2D4	20197	以
D2D5	33402	艺
D2D6	25233	抑
D2D7	26131	易
D2D8	37009	邑
D2D9	23673	屹
D2DA	20159	亿
D2DB	24441	役
D2DC	33222	臆
D2DD	36920	逸
D2DE	32900	肄
D2DF	30123	疫
D2E0	20134	亦
D2E1	35028	裔
D2E2	24847	意
D2E3	27589	毅
D2E4	24518	忆
D2E5	20041	义
D2E6	30410	益
D2E7	28322	溢
D2E8	35811	诣
D2E9	35758	议
D2EA	35850	谊
D2EB	35793	译
D2EC	24322	异
D2ED	32764	翼
D2EE	32716	翌
D2EF	32462	绎
D2F0	33589	茵
D2F1	33643	荫
D2F2	22240	因
D2F3	27575	殷
D2F4	38899	音
D2F5	38452	阴
D2F6	23035	姻
D2F7	21535	吟
D2F8	38134	银
D2F9	28139	淫
D2FA	23493	寅
D2FB	39278	饮
D2FC	23609	尹
D2FD	24341	引
D2FE	38544	隐
D3A1	21360	印
D3A2	33521	英
D3A3	27185	樱
D3A4	23156	婴
D3A5	40560	鹰
D3A6	24212	应
D3A7	32552	缨
D3A8	33721	莹
D3A9	33828	萤
D3AA	33829	营
D3AB	33639	荧
D3AC	34631	蝇
D3AD	36814	迎
D3AE	36194	赢
D3AF	30408	盈
D3B0	24433	影
D3B1	39062	颖
D3B2	30828	硬
D3B3	26144	映
D3B4	21727	哟
D3B5	25317	拥
D3B6	20323	佣
D3B7	33219	臃
D3B8	30152	痈
D3B9	24248	庸
D3BA	38605	雍
D3BB	36362	踊
D3BC	34553	蛹
D3BD	21647	咏
D3BE	27891	泳
D3BF	28044	涌
D3C0	27704	永
D3C1	24703	恿
D3C2	21191	勇
D3C3	29992	用
D3C4	24189	幽
D3C5	20248	优
D3C6	24736	悠
D3C7	24551	忧
D3C8	23588	尤
D3C9	30001	由
D3CA	37038	邮
D3CB	38080	铀
D3CC	29369	犹
D3CD	27833	油
D3CE	28216	游
D3CF	37193	酉
D3D0	26377	有
D3D1	21451	友
D3D2	21491	右
D3D3	20305	佑
D3D4	37321	釉
D3D5	35825	诱
D3D6	21448	又
D3D7	24188	幼
D3D8	36802	迂
D3D9	28132	淤
D3DA	20110	于
D3DB	30402	盂
D3DC	27014	榆
D3DD	34398	虞
D3DE	24858	愚
D3DF	33286	舆
D3E0	20313	余
D3E1	20446	俞
D3E2	36926	逾
D3E3	40060	鱼
D3E4	24841	愉
D3E5	28189	渝
D3E6	28180	渔
D3E7	38533	隅
D3E8	20104	予
D3E9	23089	娱
D3EA	38632	雨
D3EB	19982	与
D3EC	23679	屿
D3ED	31161	禹
D3EE	23431	宇
D3EF	35821	语
D3F0	32701	羽
D3F1	29577	玉
D3F2	22495	域
D3F3	33419	芋
D3F4	37057	郁
D3F5	21505	吁
D3F6	36935	遇
D3F7	21947	喻
D3F8	23786	峪
D3F9	24481	御
D3FA	24840	愈
D3FB	27442	欲
D3FC	29425	狱
D3FD	32946	育
D3FE	35465	誉
D4A1	28020	浴
D4A2	23507	寓
D4A3	35029	裕
D4A4	39044	预
D4A5	35947	豫
D4A6	39533	驭
D4A7	40499	鸳
D4A8	28170	渊
D4A9	20900	冤
D4AA	20803	元
D4AB	22435	垣
D4AC	34945	袁
D4AD	21407	原
D4AE	25588	援
D4AF	36757	辕
D4B0	22253	园
D4B1	21592	员
D4B2	22278	圆
D4B3	29503	猿
D4B4	28304	源
D4B5	32536	缘
D4B6	36828	远
D4B7	33489	苑
D4B8	24895	愿
D4B9	24616	怨
D4BA	38498	院
D4BB	26352	曰
D4BC	32422	约
D4BD	36234	越
D4BE	36291	跃
D4BF	38053	钥
D4C0	23731	岳
D4C1	31908	粤
D4C2	26376	月
D4C3	24742	悦
D4C4	38405	阅
D4C5	32792	耘
D4C6	20113	云
D4C7	37095	郧
D4C8	21248	匀
D4C9	38504	陨
D4CA	20801	允
D4CB	36816	运
D4CC	34164	蕴
D4CD	37213	酝
D4CE	26197	晕
D4CF	38901	韵
D4D0	23381	孕
D4D1	21277	匝
D4D2	30776	砸
D4D3	26434	杂
D4D4	26685	栽
D4D5	21705	哉
D4D6	28798	灾
D4D7	23472	宰
D4D8	36733	载
D4D9	20877	再
D4DA	22312	在
D4DB	21681	咱
D4DC	25874	攒
D4DD	26242	暂
D4DE	36190	赞
D4DF	36163	赃
D4E0	33039	脏
D4E1	33900	葬
D4E2	36973	遭
D4E3	31967	糟
D4E4	20991	凿
D4E5	34299	藻
D4E6	26531	枣
D4E7	26089	早
D4E8	28577	澡
D4E9	34468	蚤
D4EA	36481	躁
D4EB	22122	噪
D4EC	36896	造
D4ED	30338	皂
D4EE	28790	灶
D4EF	29157	燥
D4F0	36131	责
D4F1	25321	择
D4F2	21017	则
D4F3	27901	泽
D4F4	36156	贼
D4F5	24590	怎
D4F6	22686	增
D4F7	24974	憎
D4F8	26366	曾
D4F9	36192	赠
D4FA	25166	扎
D4FB	21939	喳
D4FC	28195	渣
D4FD	26413	札
D4FE	36711	轧
D5A1	38113	铡
D5A2	38392	闸
D5A3	30504	眨
D5A4	26629	栅
D5A5	27048	榨
D5A6	21643	咋
D5A7	20045	乍
D5A8	28856	炸
D5A9	35784	诈
D5AA	25688	摘
D5AB	25995	斋
D5AC	23429	宅
D5AD	31364	窄
D5AE	20538	债
D5AF	23528	寨
D5B0	30651	瞻
D5B1	27617	毡
D5B2	35449	詹
D5B3	31896	粘
D5B4	27838	沾
D5B5	30415	盏
D5B6	26025	斩
D5B7	36759	辗
D5B8	23853	崭
D5B9	23637	展
D5BA	34360	蘸
D5BB	26632	栈
D5BC	21344	占
D5BD	25112	战
D5BE	31449	站
D5BF	28251	湛
D5C0	32509	绽
D5C1	27167	樟
D5C2	31456	章
D5C3	24432	彰
D5C4	28467	漳
D5C5	24352	张
D5C6	25484	掌
D5C7	28072	涨
D5C8	26454	杖
D5C9	19976	丈
D5CA	24080	帐
D5CB	36134	账
D5CC	20183	仗
D5CD	32960	胀
D5CE	30260	瘴
D5CF	38556	障
D5D0	25307	招
D5D1	26157	昭
D5D2	25214	找
D5D3	27836	沼
D5D4	36213	赵
D5D5	29031	照
D5D6	32617	罩
D5D7	20806	兆
D5D8	32903	肇
D5D9	21484	召
D5DA	36974	遮
D5DB	25240	折
D5DC	21746	哲
D5DD	34544	蛰
D5DE	36761	辙
D5DF	32773	者
D5E0	38167	锗
D5E1	34071	蔗
D5E2	36825	这
D5E3	27993	浙
D5E4	29645	珍
D5E5	26015	斟
D5E6	30495	真
D5E7	29956	甄
D5E8	30759	砧
D5E9	33275	臻
D5EA	36126	贞
D5EB	38024	针
D5EC	20390	侦
D5ED	26517	枕
D5EE	30137	疹
D5EF	35786	诊
D5F0	38663	震
D5F1	25391	振
D5F2	38215	镇
D5F3	38453	阵
D5F4	33976	蒸
D5F5	25379	挣
D5F6	30529	睁
D5F7	24449	征
D5F8	29424	狰
D5F9	20105	争
D5FA	24596	怔
D5FB	25972	整
D5FC	25327	拯
D5FD	27491	正
D5FE	25919	政
D6A1	24103	帧
D6A2	30151	症
D6A3	37073	郑
D6A4	35777	证
D6A5	33437	芝
D6A6	26525	枝
D6A7	25903	支
D6A8	21553	吱
D6A9	34584	蜘
D6AA	30693	知
D6AB	32930	肢
D6AC	33026	脂
D6AD	27713	汁
D6AE	20043	之
D6AF	32455	织
D6B0	32844	职
D6B1	30452	直
D6B2	26893	植
D6B3	27542	殖
D6B4	25191	执
D6B5	20540	值
D6B6	20356	侄
D6B7	22336	址
D6B8	25351	指
D6B9	27490	止
D6BA	36286	趾
D6BB	21482	只
D6BC	26088	旨
D6BD	32440	纸
D6BE	24535	志
D6BF	25370	挚
D6C0	25527	掷
D6C1	33267	至
D6C2	33268	致
D6C3	32622	置
D6C4	24092	帜
D6C5	23769	峙
D6C6	21046	制
D6C7	26234	智
D6C8	31209	秩
D6C9	31258	稚
D6CA	36136	质
D6CB	28825	炙
D6CC	30164	痔
D6CD	28382	滞
D6CE	27835	治
D6CF	31378	窒
D6D0	20013	中
D6D1	30405	盅
D6D2	24544	忠
D6D3	38047	钟
D6D4	34935	衷
D6D5	32456	终
D6D6	31181	种
D6D7	32959	肿
D6D8	37325	重
D6D9	20210	仲
D6DA	20247	众
D6DB	33311	舟
D6DC	21608	周
D6DD	24030	州
D6DE	27954	洲
D6DF	35788	诌
D6E0	31909	粥
D6E1	36724	轴
D6E2	32920	肘
D6E3	24090	帚
D6E4	21650	咒
D6E5	30385	皱
D6E6	23449	宙
D6E7	26172	昼
D6E8	39588	骤
D6E9	29664	珠
D6EA	26666	株
D6EB	34523	蛛
D6EC	26417	朱
D6ED	29482	猪
D6EE	35832	诸
D6EF	35803	诛
D6F0	36880	逐
D6F1	31481	竹
D6F2	28891	烛
D6F3	29038	煮
D6F4	25284	拄
D6F5	30633	瞩
D6F6	22065	嘱
D6F7	20027	主
D6F8	33879	著
D6F9	26609	柱
D6FA	21161	助
D6FB	34496	蛀
D6FC	36142	贮
D6FD	38136	铸
D6FE	31569	筑
D7A1	20303	住
D7A2	27880	注
D7A3	31069	祝
D7A4	39547	驻
D7A5	25235	抓
D7A6	29226	爪
D7A7	25341	拽
D7A8	19987	专
D7A9	30742	砖
D7AA	36716	转
D7AB	25776	撰
D7AC	36186	赚
D7AD	31686	篆
D7AE	26729	桩
D7AF	24196	庄
D7B0	35013	装
D7B1	22918	妆
D7B2	25758	撞
D7B3	22766	壮
D7B4	29366	状
D7B5	26894	椎
D7B6	38181	锥
D7B7	36861	追
D7B8	36184	赘
D7B9	22368	坠
D7BA	32512	缀
D7BB	35846	谆
D7BC	20934	准
D7BD	25417	捉
D7BE	25305	拙
D7BF	21331	卓
D7C0	26700	桌
D7C1	29730	琢
D7C2	33537	茁
D7C3	37196	酌
D7C4	21828	啄
D7C5	30528	着
D7C6	28796	灼
D7C7	27978	浊
D7C8	20857	兹
D7C9	21672	咨
D7CA	36164	资
D7CB	23039	姿
D7CC	28363	滋
D7CD	28100	淄
D7CE	23388	孜
D7CF	32043	紫
D7D0	20180	仔
D7D1	31869	籽
D7D2	28371	滓
D7D3	23376	子
D7D4	33258	自
D7D5	28173	渍
D7D6	23383	字
D7D7	39683	鬃
D7D8	26837	棕
D7D9	36394	踪
D7DA	23447	宗
D7DB	32508	综
D7DC	24635	总
D7DD	32437	纵
D7DE	37049	邹
D7DF	36208	走
D7E0	22863	奏
D7E1	25549	揍
D7E2	31199	租
D7E3	36275	足
D7E4	21330	卒
D7E5	26063	族
D7E6	31062	祖
D7E7	35781	诅
D7E8	38459	阻
D7E9	32452	组
D7EA	38075	钻
D7EB	32386	纂
D7EC	22068	嘴
D7ED	37257	醉
D7EE	26368	最
D7EF	32618	罪
D7F0	23562	尊
D7F1	36981	遵
D7F2	26152	昨
D7F3	24038	左
D7F4	20304	佐
D7F5	26590	柞
D7F6	20570	做
D7F7	20316	作
D7F8	22352	坐
D7F9	24231	座
D8A1	20109	亍
D8A2	19980	丌
D8A3	20800	兀
D8A4	19984	丐
D8A5	24319	廿
D8A6	21317	卅
D8A7	19989	丕
D8A8	20120	亘
D8A9	19998	丞
D8AA	39730	鬲
D8AB	23404	孬
D8AC	22121	噩
D8AD	20008	丨
D8AE	31162	禺
D8AF	20031	丿
D8B0	21269	匕
D8B1	20039	乇
D8B2	22829	夭
D8B3	29243	爻
D8B4	21358	卮
D8B5	27664	氐
D8B6	22239	囟
D8B7	32996	胤
D8B8	39319	馗
D8B9	27603	毓
D8BA	30590	睾
D8BB	40727	鼗
D8BC	20022	丶
D8BD	20127	亟
D8BE	40720	鼐
D8BF	20060	乜
D8C0	20073	乩
D8C1	20115	亓
D8C2	33416	芈
D8C3	23387	孛
D8C4	21868	啬
D8C5	22031	嘏
D8C6	20164	仄
D8C7	21389	厍
D8C8	21405	厝
D8C9	21411	厣
D8CA	21413	厥
D8CB	21422	厮
D8CC	38757	靥
D8CD	36189	赝
D8CE	21274	匚
D8CF	21493	叵
D8D0	21286	匦
D8D1	21294	匮
D8D2	21310	匾
D8D3	36188	赜
D8D4	21350	卦
D8D5	21347	卣
D8D6	20994	刂
D8D7	21000	刈
D8D8	21006	刎
D8D9	21037	刭
D8DA	21043	刳
D8DB	21055	刿
D8DC	21056	剀
D8DD	21068	剌
D8DE	21086	剞
D8DF	21089	剡
D8E0	21084	剜
D8E1	33967	蒯
D8E2	21117	剽
D8E3	21122	劂
D8E4	21121	劁
D8E5	21136	劐
D8E6	21139	劓
D8E7	20866	冂
D8E8	32596	罔
D8E9	20155	亻
D8EA	20163	仃
D8EB	20169	仉
D8EC	20162	仂
D8ED	20200	仨
D8EE	20193	仡
D8EF	20203	仫
D8F0	20190	仞
D8F1	20251	伛
D8F2	20211	仳
D8F3	20258	伢
D8F4	20324	佤
D8F5	20213	仵
D8F6	20261	伥
D8F7	20263	伧
D8F8	20233	伉
D8F9	20267	伫
D8FA	20318	佞
D8FB	20327	佧
D8FC	25912	攸
D8FD	20314	佚
D8FE	20317	佝
D9A1	20319	佟
D9A2	20311	佗
D9A3	20274	伲
D9A4	20285	伽
D9A5	20342	佶
D9A6	20340	佴
D9A7	20369	侑
D9A8	20361	侉
D9A9	20355	侃
D9AA	20367	侏
D9AB	20350	佾
D9AC	20347	佻
D9AD	20394	侪
D9AE	20348	佼
D9AF	20396	侬
D9B0	20372	侔
D9B1	20454	俦
D9B2	20456	俨
D9B3	20458	俪
D9B4	20421	俅
D9B5	20442	俚
D9B6	20451	俣
D9B7	20444	俜
D9B8	20433	俑
D9B9	20447	俟
D9BA	20472	俸
D9BB	20521	倩
D9BC	20556	偌
D9BD	20467	俳
D9BE	20524	倬
D9BF	20495	倏
D9C0	20526	倮
D9C1	20525	倭
D9C2	20478	俾
D9C3	20508	倜
D9C4	20492	倌
D9C5	20517	倥
D9C6	20520	倨
D9C7	20606	偾
D9C8	20547	偃
D9C9	20565	偕
D9CA	20552	偈
D9CB	20558	偎
D9CC	20588	偬
D9CD	20603	偻
D9CE	20645	傥
D9CF	20647	傧
D9D0	20649	傩
D9D1	20666	傺
D9D2	20694	僖
D9D3	20742	儆
D9D4	20717	僭
D9D5	20716	僬
D9D6	20710	僦
D9D7	20718	僮
D9D8	20743	儇
D9D9	20747	儋
D9DA	20189	仝
D9DB	27709	氽
D9DC	20312	佘
D9DD	20325	佥
D9DE	20430	俎
D9DF	40864	龠
D9E0	27718	汆
D9E1	31860	籴
D9E2	20846	兮
D9E3	24061	巽
D9E4	40649	黉
D9E5	39320	馘
D9E6	20865	冁
D9E7	22804	夔
D9E8	21241	勹
D9E9	21261	匍
D9EA	35335	訇
D9EB	21264	匐
D9EC	20971	凫
D9ED	22809	夙
D9EE	20821	兕
D9EF	20128	亠
D9F0	20822	兖
D9F1	20147	亳
D9F2	34926	衮
D9F3	34980	袤
D9F4	20149	亵
D9F5	33044	脔
D9F6	35026	裒
D9F7	31104	禀
D9F8	23348	嬴
D9F9	34819	蠃
D9FA	32696	羸
D9FB	20907	冫
D9FC	20913	冱
D9FD	20925	冽
D9FE	20924	冼
DAA1	20935	凇
DAA2	20886	冖
DAA3	20898	冢
DAA4	20901	冥
DAA5	35744	讠
DAA6	35750	讦
DAA7	35751	讧
DAA8	35754	讪
DAA9	35764	讴
DAAA	35765	讵
DAAB	35767	讷
DAAC	35778	诂
DAAD	35779	诃
DAAE	35787	诋
DAAF	35791	诏
DAB0	35790	诎
DAB1	35794	诒
DAB2	35795	诓
DAB3	35796	诔
DAB4	35798	诖
DAB5	35800	诘
DAB6	35801	诙
DAB7	35804	诜
DAB8	35807	诟
DAB9	35808	诠
DABA	35812	诤
DABB	35816	诨
DABC	35817	诩
DABD	35822	诮
DABE	35824	诰
DABF	35827	诳
DAC0	35830	诶
DAC1	35833	诹
DAC2	35836	诼
DAC3	35839	诿
DAC4	35840	谀
DAC5	35842	谂
DAC6	35844	谄
DAC7	35847	谇
DAC8	35852	谌
DAC9	35855	谏
DACA	35857	谑
DACB	35858	谒
DACC	35860	谔
DACD	35861	谕
DACE	35862	谖
DACF	35865	谙
DAD0	35867	谛
DAD1	35864	谘
DAD2	35869	谝
DAD3	35871	谟
DAD4	35872	谠
DAD5	35873	谡
DAD6	35877	谥
DAD7	35879	谧
DAD8	35882	谪
DAD9	35883	谫
DADA	35886	谮
DADB	35887	谯
DADC	35890	谲
DADD	35891	谳
DADE	35893	谵
DADF	35894	谶
DAE0	21353	卩
DAE1	21370	卺
DAE2	38429	阝
DAE3	38434	阢
DAE4	38433	阡
DAE5	38449	阱
DAE6	38442	阪
DAE7	38461	阽
DAE8	38460	阼
DAE9	38466	陂
DAEA	38473	陉
DAEB	38484	陔
DAEC	38495	陟
DAED	38503	陧
DAEE	38508	陬
DAEF	38514	陲
DAF0	38516	陴
DAF1	38536	隈
DAF2	38541	隍
DAF3	38551	隗
DAF4	38576	隰
DAF5	37015	邗
DAF6	37019	邛
DAF7	37021	邝
DAF8	37017	邙
DAF9	37036	邬
DAFA	37025	邡
DAFB	37044	邴
DAFC	37043	邳
DAFD	37046	邶
DAFE	37050	邺
DBA1	37048	邸
DBA2	37040	邰
DBA3	37071	郏
DBA4	37061	郅
DBA5	37054	邾
DBA6	37072	郐
DBA7	37060	郄
DBA8	37063	郇
DBA9	37075	郓
DBAA	37094	郦
DBAB	37090	郢
DBAC	37084	郜
DBAD	37079	郗
DBAE	37083	郛
DBAF	37099	郫
DBB0	37103	郯
DBB1	37118	郾
DBB2	37124	鄄
DBB3	37154	鄢
DBB4	37150	鄞
DBB5	37155	鄣
DBB6	37169	鄱
DBB7	37167	鄯
DBB8	37177	鄹
DBB9	37187	酃
DBBA	37190	酆
DBBB	21005	刍
DBBC	22850	奂
DBBD	21154	劢
DBBE	21164	劬
DBBF	21165	劭
DBC0	21182	劾
DBC1	21759	哿
DBC2	21200	勐
DBC3	21206	勖
DBC4	21232	勰
DBC5	21471	叟
DBC6	29166	燮
DBC7	30669	矍
DBC8	24308	廴
DBC9	20981	凵
DBCA	20988	凼
DBCB	39727	鬯
DBCC	21430	厶
DBCD	24321	弁
DBCE	30042	畚
DBCF	24047	巯
DBD0	22348	坌
DBD1	22441	垩
DBD2	22433	垡
DBD3	22654	塾
DBD4	22716	墼
DBD5	22725	壅
DBD6	22737	壑
DBD7	22313	圩
DBD8	22316	圬
DBD9	22314	圪
DBDA	22323	圳
DBDB	22329	圹
DBDC	22318	圮
DBDD	22319	圯
DBDE	22364	坜
DBDF	22331	圻
DBE0	22338	坂
DBE1	22377	坩
DBE2	22405	垅
DBE3	22379	坫
DBE4	22406	垆
DBE5	22396	坼
DBE6	22395	坻
DBE7	22376	坨
DBE8	22381	坭
DBE9	22390	坶
DBEA	22387	坳
DBEB	22445	垭
DBEC	22436	垤
DBED	22412	垌
DBEE	22450	垲
DBEF	22479	埏
DBF0	22439	垧
DBF1	22452	垴
DBF2	22419	垓
DBF3	22432	垠
DBF4	22485	埕
DBF5	22488	埘
DBF6	22490	埚
DBF7	22489	埙
DBF8	22482	埒
DBF9	22456	垸
DBFA	22516	埴
DBFB	22511	埯
DBFC	22520	埸
DBFD	22500	埤
DBFE	22493	埝
DCA1	22539	堋
DCA2	22541	堍
DCA3	22525	埽
DCA4	22509	埭
DCA5	22528	堀
DCA6	22558	堞
DCA7	22553	堙
DCA8	22596	塄
DCA9	22560	堠
DCAA	22629	塥
DCAB	22636	塬
DCAC	22657	墁
DCAD	22665	墉
DCAE	22682	墚
DCAF	22656	墀
DCB0	39336	馨
DCB1	40729	鼙
DCB2	25087	懿
DCB3	33401	艹
DCB4	33405	艽
DCB5	33407	艿
DCB6	33423	芏
DCB7	33418	芊
DCB8	33448	芨
DCB9	33412	芄
DCBA	33422	芎
DCBB	33425	芑
DCBC	33431	芗
DCBD	33433	芙
DCBE	33451	芫
DCBF	33464	芸
DCC0	33470	芾
DCC1	33456	芰
DCC2	33480	苈
DCC3	33482	苊
DCC4	33507	苣
DCC5	33432	芘
DCC6	33463	芷
DCC7	33454	芮
DCC8	33483	苋
DCC9	33484	苌
DCCA	33473	苁
DCCB	33449	芩
DCCC	33460	芴
DCCD	33441	芡
DCCE	33450	芪
DCCF	33439	芟
DCD0	33476	苄
DCD1	33486	苎
DCD2	33444	芤
DCD3	33505	苡
DCD4	33545	茉
DCD5	33527	苷
DCD6	33508	苤
DCD7	33551	茏
DCD8	33543	茇
DCD9	33500	苜
DCDA	33524	苴
DCDB	33490	苒
DCDC	33496	苘
DCDD	33548	茌
DCDE	33531	苻
DCDF	33491	苓
DCE0	33553	茑
DCE1	33562	茚
DCE2	33542	茆
DCE3	33556	茔
DCE4	33557	茕
DCE5	33504	苠
DCE6	33493	苕
DCE7	33564	茜
DCE8	33617	荑
DCE9	33627	荛
DCEA	33628	荜
DCEB	33544	茈
DCEC	33682	莒
DCED	33596	茼
DCEE	33588	茴
DCEF	33585	茱
DCF0	33691	莛
DCF1	33630	荞
DCF2	33583	茯
DCF3	33615	荏
DCF4	33607	荇
DCF5	33603	荃
DCF6	33631	荟
DCF7	33600	荀
DCF8	33559	茗
DCF9	33632	荠
DCFA	33581	茭
DCFB	33594	茺
DCFC	33587	茳
DCFD	33638	荦
DCFE	33637	荥
DDA1	33640	荨
DDA2	33563	茛
DDA3	33641	荩
DDA4	33644	荬
DDA5	33642	荪
DDA6	33645	荭
DDA7	33646	荮
DDA8	33712	莰
DDA9	33656	荸
DDAA	33715	莳
DDAB	33716	莴
DDAC	33696	莠
DDAD	33706	莪
DDAE	33683	莓
DDAF	33692	莜
DDB0	33669	莅
DDB1	33660	荼
DDB2	33718	莶
DDB3	33705	莩
DDB4	33661	荽
DDB5	33720	莸
DDB6	33659	荻
DDB7	33688	莘
DDB8	33694	莞
DDB9	33704	莨
DDBA	33722	莺
DDBB	33724	莼
DDBC	33729	菁
DDBD	33793	萁
DDBE	33765	菥
DDBF	33752	菘
DDC0	22535	堇
DDC1	33816	萘
DDC2	33803	萋
DDC3	33757	菝
DDC4	33789	菽
DDC5	33750	菖
DDC6	33820	萜
DDC7	33848	萸
DDC8	33809	萑
DDC9	33798	萆
DDCA	33748	菔
DDCB	33759	菟
DDCC	33807	萏
DDCD	33795	萃
DDCE	33784	菸
DDCF	33785	菹
DDD0	33770	菪
DDD1	33733	菅
DDD2	33728	菀
DDD3	33830	萦
DDD4	33776	菰
DDD5	33761	菡
DDD6	33884	葜
DDD7	33873	葑
DDD8	33882	葚
DDD9	33881	葙
DDDA	33907	葳
DDDB	33927	蒇
DDDC	33928	蒈
DDDD	33914	葺
DDDE	33929	蒉
DDDF	33912	葸
DDE0	33852	萼
DDE1	33862	葆
DDE2	33897	葩
DDE3	33910	葶
DDE4	33932	蒌
DDE5	33934	蒎
DDE6	33841	萱
DDE7	33901	葭
DDE8	33985	蓁
DDE9	33997	蓍
DDEA	34000	蓐
DDEB	34022	蓦
DDEC	33981	蒽
DDED	34003	蓓
DDEE	33994	蓊
DDEF	33983	蒿
DDF0	33978	蒺
DDF1	34016	蓠
DDF2	33953	蒡
DDF3	33977	蒹
DDF4	33972	蒴
DDF5	33943	蒗
DDF6	34021	蓥
DDF7	34019	蓣
DDF8	34060	蔌
DDF9	29965	甍
DDFA	34104	蔸
DDFB	34032	蓰
DDFC	34105	蔹
DDFD	34079	蔟
DDFE	34106	蔺
DEA1	34134	蕖
DEA2	34107	蔻
DEA3	34047	蓿
DEA4	34044	蓼
DEA5	34137	蕙
DEA6	34120	蕈
DEA7	34152	蕨
DEA8	34148	蕤
DEA9	34142	蕞
DEAA	34170	蕺
DEAB	30626	瞢
DEAC	34115	蕃
DEAD	34162	蕲
DEAE	34171	蕻
DEAF	34212	薤
DEB0	34216	薨
DEB1	34183	薇
DEB2	34191	薏
DEB3	34169	蕹
DEB4	34222	薮
DEB5	34204	薜
DEB6	34181	薅
DEB7	34233	薹
DEB8	34231	薷
DEB9	34224	薰
DEBA	34259	藓
DEBB	34241	藁
DEBC	34268	藜
DEBD	34303	藿
DEBE	34343	蘧
DEBF	34309	蘅
DEC0	34345	蘩
DEC1	34326	蘖
DEC2	34364	蘼
DEC3	24318	廾
DEC4	24328	弈
DEC5	22844	夼
DEC6	22849	奁
DEC7	32823	耷
DEC8	22869	奕
DEC9	22874	奚
DECA	22872	奘
DECB	21263	匏
DECC	23586	尢
DECD	23589	尥
DECE	23596	尬
DECF	23604	尴
DED0	25164	扌
DED1	25194	扪
DED2	25247	抟
DED3	25275	抻
DED4	25290	拊
DED5	25306	拚
DED6	25303	拗
DED7	25326	拮
DED8	25378	挢
DED9	25334	拶
DEDA	25401	挹
DEDB	25419	捋
DEDC	25411	捃
DEDD	25517	掭
DEDE	25590	揶
DEDF	25457	捱
DEE0	25466	捺
DEE1	25486	掎
DEE2	25524	掴
DEE3	25453	捭
DEE4	25516	掬
DEE5	25482	掊
DEE6	25449	捩
DEE7	25518	掮
DEE8	25532	掼
DEE9	25586	揲
DEEA	25592	揸
DEEB	25568	揠
DEEC	25599	揿
DEED	25540	揄
DEEE	25566	揞
DEEF	25550	揎
DEF0	25682	摒
DEF1	25542	揆
DEF2	25534	掾
DEF3	25669	摅
DEF4	25665	摁
DEF5	25611	搋
DEF6	25627	搛
DEF7	25632	搠
DEF8	25612	搌
DEF9	25638	搦
DEFA	25633	搡
DEFB	25694	摞
DEFC	25732	撄
DEFD	25709	摭
DEFE	25750	撖
DFA1	25722	摺
DFA2	25783	撷
DFA3	25784	撸
DFA4	25753	撙
DFA5	25786	撺
DFA6	25792	擀
DFA7	25808	擐
DFA8	25815	擗
DFA9	25828	擤
DFAA	25826	擢
DFAB	25865	攉
DFAC	25893	攥
DFAD	25902	攮
DFAE	24331	弋
DFAF	24530	忒
DFB0	29977	甙
DFB1	24337	弑
DFB2	21343	卟
DFB3	21489	叱
DFB4	21501	叽
DFB5	21481	叩
DFB6	21480	叨
DFB7	21499	叻
DFB8	21522	吒
DFB9	21526	吖
DFBA	21510	吆
DFBB	21579	呋
DFBC	21586	呒
DFBD	21587	呓
DFBE	21588	呔
DFBF	21590	呖
DFC0	21571	呃
DFC1	21537	吡
DFC2	21591	呗
DFC3	21593	呙
DFC4	21539	吣
DFC5	21554	吲
DFC6	21634	咂
DFC7	21652	咔
DFC8	21623	呷
DFC9	21617	呱
DFCA	21604	呤
DFCB	21658	咚
DFCC	21659	咛
DFCD	21636	咄
DFCE	21622	呶
DFCF	21606	呦
DFD0	21661	咝
DFD1	21712	哐
DFD2	21677	咭
DFD3	21698	哂
DFD4	21684	咴
DFD5	21714	哒
DFD6	21671	咧
DFD7	21670	咦
DFD8	21715	哓
DFD9	21716	哔
DFDA	21618	呲
DFDB	21667	咣
DFDC	21717	哕
DFDD	21691	咻
DFDE	21695	咿
DFDF	21708	哌
DFE0	21721	哙
DFE1	21722	哚
DFE2	21724	哜
DFE3	21673	咩
DFE4	21674	咪
DFE5	21668	咤
DFE6	21725	哝
DFE7	21711	哏
DFE8	21726	哞
DFE9	21787	唛
DFEA	21735	哧
DFEB	21792	唠
DFEC	21757	哽
DFED	21780	唔
DFEE	21747	哳
DFEF	21794	唢
DFF0	21795	唣
DFF1	21775	唏
DFF2	21777	唑
DFF3	21799	唧
DFF4	21802	唪
DFF5	21863	啧
DFF6	21903	喏
DFF7	21941	喵
DFF8	21833	啉
DFF9	21869	啭
DFFA	21825	啁
DFFB	21845	啕
DFFC	21823	唿
DFFD	21840	啐
DFFE	21820	唼
E0A1	21815	唷
E0A2	21846	啖
E0A3	21877	啵
E0A4	21878	啶
E0A5	21879	啷
E0A6	21811	唳
E0A7	21808	唰
E0A8	21852	啜
E0A9	21899	喋
E0AA	21970	嗒
E0AB	21891	喃
E0AC	21937	喱
E0AD	21945	喹
E0AE	21896	喈
E0AF	21889	喁
E0B0	21919	喟
E0B1	21886	啾
E0B2	21974	嗖
E0B3	21905	喑
E0B4	21883	啻
E0B5	21983	嗟
E0B6	21949	喽
E0B7	21950	喾
E0B8	21908	喔
E0B9	21913	喙
E0BA	21994	嗪
E0BB	22007	嗷
E0BC	21961	嗉
E0BD	22047	嘟
E0BE	21969	嗑
E0BF	21995	嗫
E0C0	21996	嗬
E0C1	21972	嗔
E0C2	21990	嗦
E0C3	21981	嗝
E0C4	21956	嗄
E0C5	21999	嗯
E0C6	21989	嗥
E0C7	22002	嗲
E0C8	22003	嗳
E0C9	21964	嗌
E0CA	21965	嗍
E0CB	21992	嗨
E0CC	22005	嗵
E0CD	21988	嗤
E0CE	36756	辔
E0CF	22046	嘞
E0D0	22024	嘈
E0D1	22028	嘌
E0D2	22017	嘁
E0D3	22052	嘤
E0D4	22051	嘣
E0D5	22014	嗾
E0D6	22016	嘀
E0D7	22055	嘧
E0D8	22061	嘭
E0D9	22104	噘
E0DA	22073	嘹
E0DB	22103	噗
E0DC	22060	嘬
E0DD	22093	噍
E0DE	22114	噢
E0DF	22105	噙
E0E0	22108	噜
E0E1	22092	噌
E0E2	22100	噔
E0E3	22150	嚆
E0E4	22116	噤
E0E5	22129	噱
E0E6	22123	噫
E0E7	22139	噻
E0E8	22140	噼
E0E9	22149	嚅
E0EA	22163	嚓
E0EB	22191	嚯
E0EC	22228	囔
E0ED	22231	囗
E0EE	22237	囝
E0EF	22241	囡
E0F0	22261	囵
E0F1	22251	囫
E0F2	22265	囹
E0F3	22271	囿
E0F4	22276	圄
E0F5	22282	圊
E0F6	22281	圉
E0F7	22300	圜
E0F8	24079	帏
E0F9	24089	帙
E0FA	24084	帔
E0FB	24081	帑
E0FC	24113	帱
E0FD	24123	帻
E0FE	24124	帼
E1A1	24119	帷
E1A2	24132	幄
E1A3	24148	幔
E1A4	24155	幛
E1A5	24158	幞
E1A6	24161	幡
E1A7	23692	岌
E1A8	23674	屺
E1A9	23693	岍
E1AA	23696	岐
E1AB	23702	岖
E1AC	23688	岈
E1AD	23704	岘
E1AE	23705	岙
E1AF	23697	岑
E1B0	23706	岚
E1B1	23708	岜
E1B2	23733	岵
E1B3	23714	岢
E1B4	23741	岽
E1B5	23724	岬
E1B6	23723	岫
E1B7	23729	岱
E1B8	23715	岣
E1B9	23745	峁
E1BA	23735	岷
E1BB	23748	峄
E1BC	23762	峒
E1BD	23780	峤
E1BE	23755	峋
E1BF	23781	峥
E1C0	23810	崂
E1C1	23811	崃
E1C2	23847	崧
E1C3	23846	崦
E1C4	23854	崮
E1C5	23844	崤
E1C6	23838	崞
E1C7	23814	崆
E1C8	23835	崛
E1C9	23896	嵘
E1CA	23870	崾
E1CB	23860	崴
E1CC	23869	崽
E1CD	23916	嵬
E1CE	23899	嵛
E1CF	23919	嵯
E1D0	23901	嵝
E1D1	23915	嵫
E1D2	23883	嵋
E1D3	23882	嵊
E1D4	23913	嵩
E1D5	23924	嵴
E1D6	23938	嶂
E1D7	23961	嶙
E1D8	23965	嶝
E1D9	35955	豳
E1DA	23991	嶷
E1DB	24005	巅
E1DC	24435	彳
E1DD	24439	彷
E1DE	24450	徂
E1DF	24455	徇
E1E0	24457	徉
E1E1	24460	後
E1E2	24469	徕
E1E3	24473	徙
E1E4	24476	徜
E1E5	24488	徨
E1E6	24493	徭
E1E7	24501	徵
E1E8	24508	徼
E1E9	34914	衢
E1EA	24417	彡
E1EB	29357	犭
E1EC	29360	犰
E1ED	29364	犴
E1EE	29367	犷
E1EF	29368	犸
E1F0	29379	狃
E1F1	29377	狁
E1F2	29390	狎
E1F3	29389	狍
E1F4	29394	狒
E1F5	29416	狨
E1F6	29423	狯
E1F7	29417	狩
E1F8	29426	狲
E1F9	29428	狴
E1FA	29431	狷
E1FB	29441	猁
E1FC	29427	狳
E1FD	29443	猃
E1FE	29434	狺
E2A1	29435	狻
E2A2	29463	猗
E2A3	29459	猓
E2A4	29473	猡
E2A5	29450	猊
E2A6	29470	猞
E2A7	29469	猝
E2A8	29461	猕
E2A9	29474	猢
E2AA	29497	猹
E2AB	29477	猥
E2AC	29484	猬
E2AD	29496	猸
E2AE	29489	猱
E2AF	29520	獐
E2B0	29517	獍
E2B1	29527	獗
E2B2	29536	獠
E2B3	29548	獬
E2B4	29551	獯
E2B5	29566	獾
E2B6	33307	舛
E2B7	22821	夥
E2B8	39143	飧
E2B9	22820	夤
E2BA	22786	夂
E2BB	39267	饣
E2BC	39271	饧
E2BD	39272	饨
E2BE	39273	饩
E2BF	39274	饪
E2C0	39275	饫
E2C1	39276	饬
E2C2	39284	饴
E2C3	39287	饷
E2C4	39293	饽
E2C5	39296	馀
E2C6	39300	馄
E2C7	39303	馇
E2C8	39306	馊
E2C9	39309	馍
E2CA	39312	馐
E2CB	39313	馑
E2CC	39315	馓
E2CD	39316	馔
E2CE	39317	馕
E2CF	24192	庀
E2D0	24209	庑
E2D1	24203	庋
E2D2	24214	庖
E2D3	24229	庥
E2D4	24224	庠
E2D5	24249	庹
E2D6	24245	庵
E2D7	24254	庾
E2D8	24243	庳
E2D9	36179	赓
E2DA	24274	廒
E2DB	24273	廑
E2DC	24283	廛
E2DD	24296	廨
E2DE	24298	廪
E2DF	33210	膺
E2E0	24516	忄
E2E1	24521	忉
E2E2	24534	忖
E2E3	24527	忏
E2E4	24579	怃
E2E5	24558	忮
E2E6	24580	怄
E2E7	24545	忡
E2E8	24548	忤
E2E9	24574	忾
E2EA	24581	怅
E2EB	24582	怆
E2EC	24554	忪
E2ED	24557	忭
E2EE	24568	忸
E2EF	24601	怙
E2F0	24629	怵
E2F1	24614	怦
E2F2	24603	怛
E2F3	24591	怏
E2F4	24589	怍
E2F5	24617	怩
E2F6	24619	怫
E2F7	24586	怊
E2F8	24639	怿
E2F9	24609	怡
E2FA	24696	恸
E2FB	24697	恹
E2FC	24699	恻
E2FD	24698	恺
E2FE	24642	恂
E3A1	24682	恪
E3A2	24701	恽
E3A3	24726	悖
E3A4	24730	悚
E3A5	24749	悭
E3A6	24733	悝
E3A7	24707	悃
E3A8	24722	悒
E3A9	24716	悌
E3AA	24731	悛
E3AB	24812	惬
E3AC	24763	悻
E3AD	24753	悱
E3AE	24797	惝
E3AF	24792	惘
E3B0	24774	惆
E3B1	24794	惚
E3B2	24756	悴
E3B3	24864	愠
E3B4	24870	愦
E3B5	24853	愕
E3B6	24867	愣
E3B7	24820	惴
E3B8	24832	愀
E3B9	24846	愎
E3BA	24875	愫
E3BB	24906	慊
E3BC	24949	慵
E3BD	25004	憬
E3BE	24980	憔
E3BF	24999	憧
E3C0	25015	憷
E3C1	25044	懔
E3C2	25077	懵
E3C3	24541	忝
E3C4	38579	隳
E3C5	38377	闩
E3C6	38379	闫
E3C7	38385	闱
E3C8	38387	闳
E3C9	38389	闵
E3CA	38390	闶
E3CB	38396	闼
E3CC	38398	闾
E3CD	38403	阃
E3CE	38404	阄
E3CF	38406	阆
E3D0	38408	阈
E3D1	38410	阊
E3D2	38411	阋
E3D3	38412	阌
E3D4	38413	阍
E3D5	38415	阏
E3D6	38418	阒
E3D7	38421	阕
E3D8	38422	阖
E3D9	38423	阗
E3DA	38425	阙
E3DB	38426	阚
E3DC	20012	丬
E3DD	29247	爿
E3DE	25109	戕
E3DF	27701	氵
E3E0	27732	汔
E3E1	27740	汜
E3E2	27722	汊
E3E3	27811	沣
E3E4	27781	沅
E3E5	27792	沐
E3E6	27796	沔
E3E7	27788	沌
E3E8	27752	汨
E3E9	27753	汩
E3EA	27764	汴
E3EB	27766	汶
E3EC	27782	沆
E3ED	27817	沩
E3EE	27856	泐
E3EF	27860	泔
E3F0	27821	沭
E3F1	27895	泷
E3F2	27896	泸
E3F3	27889	泱
E3F4	27863	泗
E3F5	27826	沲
E3F6	27872	泠
E3F7	27862	泖
E3F8	27898	泺
E3F9	27883	泫
E3FA	27886	泮
E3FB	27825	沱
E3FC	27859	泓
E3FD	27887	泯
E3FE	27902	泾
E4A1	27961	洹
E4A2	27943	洧
E4A3	27916	洌
E4A4	27971	浃
E4A5	27976	浈
E4A6	27911	洇
E4A7	27908	洄
E4A8	27929	洙
E4A9	27918	洎
E4AA	27947	洫
E4AB	27981	浍
E4AC	27950	洮
E4AD	27957	洵
E4AE	27930	洚
E4AF	27983	浏
E4B0	27986	浒
E4B1	27988	浔
E4B2	27955	洳
E4B3	28049	涑
E4B4	28015	浯
E4B5	28062	涞
E4B6	28064	涠
E4B7	27998	浞
E4B8	28051	涓
E4B9	28052	涔
E4BA	27996	浜
E4BB	28000	浠
E4BC	28028	浼
E4BD	28003	浣
E4BE	28186	渚
E4BF	28103	淇
E4C0	28101	淅
E4C1	28126	淞
E4C2	28174	渎
E4C3	28095	涿
E4C4	28128	淠
E4C5	28177	渑
E4C6	28134	淦
E4C7	28125	淝
E4C8	28121	淙
E4C9	28182	渖
E4CA	28075	涫
E4CB	28172	渌
E4CC	28078	涮
E4CD	28203	渫
E4CE	28270	湮
E4CF	28238	湎
E4D0	28267	湫
E4D1	28338	溲
E4D2	28255	湟
E4D3	28294	溆
E4D4	28243	湓
E4D5	28244	湔
E4D6	28210	渲
E4D7	28197	渥
E4D8	28228	湄
E4D9	28383	滟
E4DA	28337	溱
E4DB	28312	溘
E4DC	28384	滠
E4DD	28461	漭
E4DE	28386	滢
E4DF	28325	溥
E4E0	28327	溧
E4E1	28349	溽
E4E2	28347	溻
E4E3	28343	溷
E4E4	28375	滗
E4E5	28340	溴
E4E6	28367	滏
E4E7	28303	溏
E4E8	28354	滂
E4E9	28319	溟
E4EA	28514	潢
E4EB	28486	潆
E4EC	28487	潇
E4ED	28452	漤
E4EE	28437	漕
E4EF	28409	滹
E4F0	28463	漯
E4F1	28470	漶
E4F2	28491	潋
E4F3	28532	潴
E4F4	28458	漪
E4F5	28425	漉
E4F6	28457	漩
E4F7	28553	澉
E4F8	28557	澍
E4F9	28556	澌
E4FA	28536	潸
E4FB	28530	潲
E4FC	28540	潼
E4FD	28538	潺
E4FE	28625	濑
E5A1	28617	濉
E5A2	28583	澧
E5A3	28601	澹
E5A4	28598	澶
E5A5	28610	濂
E5A6	28641	濡
E5A7	28654	濮
E5A8	28638	濞
E5A9	28640	濠
E5AA	28655	濯
E5AB	28698	瀚
E5AC	28707	瀣
E5AD	28699	瀛
E5AE	28729	瀹
E5AF	28725	瀵
E5B0	28751	灏
E5B1	28766	灞
E5B2	23424	宀
E5B3	23428	宄
E5B4	23445	宕
E5B5	23443	宓
E5B6	23461	宥
E5B7	23480	宸
E5B8	29999	甯
E5B9	39582	骞
E5BA	25652	搴
E5BB	23524	寤
E5BC	23534	寮
E5BD	35120	褰
E5BE	23536	寰
E5BF	36423	蹇
E5C0	35591	謇
E5C1	36790	辶
E5C2	36819	迓
E5C3	36821	迕
E5C4	36837	迥
E5C5	36846	迮
E5C6	36836	迤
E5C7	36841	迩
E5C8	36838	迦
E5C9	36851	迳
E5CA	36840	迨
E5CB	36869	逅
E5CC	36868	逄
E5CD	36875	逋
E5CE	36902	逦
E5CF	36881	逑
E5D0	36877	逍
E5D1	36886	逖
E5D2	36897	逡
E5D3	36917	逵
E5D4	36918	逶
E5D5	36909	逭
E5D6	36911	逯
E5D7	36932	遄
E5D8	36945	遑
E5D9	36946	遒
E5DA	36944	遐
E5DB	36968	遨
E5DC	36952	遘
E5DD	36962	遢
E5DE	36955	遛
E5DF	26297	暹
E5E0	36980	遴
E5E1	36989	遽
E5E2	36994	邂
E5E3	37000	邈
E5E4	36995	邃
E5E5	37003	邋
E5E6	24400	彐
E5E7	24407	彗
E5E8	24406	彖
E5E9	24408	彘
E5EA	23611	尻
E5EB	21675	咫
E5EC	23632	屐
E5ED	23641	屙
E5EE	23409	孱
E5EF	23651	屣
E5F0	23654	屦
E5F1	32700	羼
E5F2	24362	弪
E5F3	24361	弩
E5F4	24365	弭
E5F5	33396	艴
E5F6	24380	弼
E5F7	39739	鬻
E5F8	23662	屮
E5F9	22913	妁
E5FA	22915	妃
E5FB	22925	妍
E5FC	22953	妩
E5FD	22954	妪
E5FE	22947	妣
E6A1	22935	妗
E6A2	22986	姊
E6A3	22955	妫
E6A4	22942	妞
E6A5	22948	妤
E6A6	22994	姒
E6A7	22962	妲
E6A8	22959	妯
E6A9	22999	姗
E6AA	22974	妾
E6AB	23045	娅
E6AC	23046	娆
E6AD	23005	姝
E6AE	23048	娈
E6AF	23011	姣
E6B0	23000	姘
E6B1	23033	姹
E6B2	23052	娌
E6B3	23049	娉
E6B4	23090	娲
E6B5	23092	娴
E6B6	23057	娑
E6B7	23075	娣
E6B8	23059	娓
E6B9	23104	婀
E6BA	23143	婧
E6BB	23114	婊
E6BC	23125	婕
E6BD	23100	娼
E6BE	23138	婢
E6BF	23157	婵
E6C0	33004	胬
E6C1	23210	媪
E6C2	23195	媛
E6C3	23159	婷
E6C4	23162	婺
E6C5	23230	媾
E6C6	23275	嫫
E6C7	23218	媲
E6C8	23250	嫒
E6C9	23252	嫔
E6CA	23224	媸
E6CB	23264	嫠
E6CC	23267	嫣
E6CD	23281	嫱
E6CE	23254	嫖
E6CF	23270	嫦
E6D0	23256	嫘
E6D1	23260	嫜
E6D2	23305	嬉
E6D3	23319	嬗
E6D4	23318	嬖
E6D5	23346	嬲
E6D6	23351	嬷
E6D7	23360	孀
E6D8	23573	尕
E6D9	23580	尜
E6DA	23386	孚
E6DB	23397	孥
E6DC	23411	孳
E6DD	23377	孑
E6DE	23379	孓
E6DF	23394	孢
E6E0	39541	驵
E6E1	39543	驷
E6E2	39544	驸
E6E3	39546	驺
E6E4	39551	驿
E6E5	39549	驽
E6E6	39552	骀
E6E7	39553	骁
E6E8	39557	骅
E6E9	39560	骈
E6EA	39562	骊
E6EB	39568	骐
E6EC	39570	骒
E6ED	39571	骓
E6EE	39574	骖
E6EF	39576	骘
E6F0	39579	骛
E6F1	39580	骜
E6F2	39581	骝
E6F3	39583	骟
E6F4	39584	骠
E6F5	39586	骢
E6F6	39587	骣
E6F7	39589	骥
E6F8	39591	骧
E6F9	32415	纟
E6FA	32417	纡
E6FB	32419	纣
E6FC	32421	纥
E6FD	32424	纨
E6FE	32425	纩
E7A1	32429	纭
E7A2	32432	纰
E7A3	32446	纾
E7A4	32448	绀
E7A5	32449	绁
E7A6	32450	绂
E7A7	32457	绉
E7A8	32459	绋
E7A9	32460	绌
E7AA	32464	绐
E7AB	32468	绔
E7AC	32471	绗
E7AD	32475	绛
E7AE	32480	绠
E7AF	32481	绡
E7B0	32488	绨
E7B1	32491	绫
E7B2	32494	绮
E7B3	32495	绯
E7B4	32497	绱
E7B5	32498	绲
E7B6	32525	缍
E7B7	32502	绶
E7B8	32506	绺
E7B9	32507	绻
E7BA	32510	绾
E7BB	32513	缁
E7BC	32514	缂
E7BD	32515	缃
E7BE	32519	缇
E7BF	32520	缈
E7C0	32523	缋
E7C1	32524	缌
E7C2	32527	缏
E7C3	32529	缑
E7C4	32530	缒
E7C5	32535	缗
E7C6	32537	缙
E7C7	32540	缜
E7C8	32539	缛
E7C9	32543	缟
E7CA	32545	缡
E7CB	32546	缢
E7CC	32547	缣
E7CD	32548	缤
E7CE	32549	缥
E7CF	32550	缦
E7D0	32551	缧
E7D1	32554	缪
E7D2	32555	缫
E7D3	32556	缬
E7D4	32557	缭
E7D5	32559	缯
E7D6	32560	缰
E7D7	32561	缱
E7D8	32562	缲
E7D9	32563	缳
E7DA	32565	缵
E7DB	24186	幺
E7DC	30079	畿
E7DD	24027	巛
E7DE	30014	甾
E7DF	37013	邕
E7E0	29582	玎
E7E1	29585	玑
E7E2	29614	玮
E7E3	29602	玢
E7E4	29599	玟
E7E5	29647	珏
E7E6	29634	珂
E7E7	29649	珑
E7E8	29623	玷
E7E9	29619	玳
E7EA	29632	珀
E7EB	29641	珉
E7EC	29640	珈
E7ED	29669	珥
E7EE	29657	珙
E7EF	39036	顼
E7F0	29706	琊
E7F1	29673	珩
E7F2	29671	珧
E7F3	29662	珞
E7F4	29626	玺
E7F5	29682	珲
E7F6	29711	琏
E7F7	29738	琪
E7F8	29787	瑛
E7F9	29734	琦
E7FA	29733	琥
E7FB	29736	琨
E7FC	29744	琰
E7FD	29742	琮
E7FE	29740	琬
E8A1	29723	琛
E8A2	29722	琚
E8A3	29761	瑁
E8A4	29788	瑜
E8A5	29783	瑗
E8A6	29781	瑕
E8A7	29785	瑙
E8A8	29815	瑷
E8A9	29805	瑭
E8AA	29822	瑾
E8AB	29852	璜
E8AC	29838	璎
E8AD	29824	璀
E8AE	29825	璁
E8AF	29831	璇
E8B0	29835	璋
E8B1	29854	璞
E8B2	29864	璨
E8B3	29865	璩
E8B4	29840	璐
E8B5	29863	璧
E8B6	29906	瓒
E8B7	29882	璺
E8B8	38890	韪
E8B9	38891	韫
E8BA	38892	韬
E8BB	26444	杌
E8BC	26451	杓
E8BD	26462	杞
E8BE	26440	杈
E8BF	26473	杩
E8C0	26533	枥
E8C1	26503	枇
E8C2	26474	杪
E8C3	26483	杳
E8C4	26520	枘
E8C5	26535	枧
E8C6	26485	杵
E8C7	26536	枨
E8C8	26526	枞
E8C9	26541	枭
E8CA	26507	枋
E8CB	26487	杷
E8CC	26492	杼
E8CD	26608	柰
E8CE	26633	栉
E8CF	26584	柘
E8D0	26634	栊
E8D1	26601	柩
E8D2	26544	枰
E8D3	26636	栌
E8D4	26585	柙
E8D5	26549	枵
E8D6	26586	柚
E8D7	26547	枳
E8D8	26589	柝
E8D9	26624	栀
E8DA	26563	柃
E8DB	26552	枸
E8DC	26594	柢
E8DD	26638	栎
E8DE	26561	柁
E8DF	26621	柽
E8E0	26674	栲
E8E1	26675	栳
E8E2	26720	桠
E8E3	26721	桡
E8E4	26702	桎
E8E5	26722	桢
E8E6	26692	桄
E8E7	26724	桤
E8E8	26755	梃
E8E9	26653	栝
E8EA	26709	桕
E8EB	26726	桦
E8EC	26689	桁
E8ED	26727	桧
E8EE	26688	桀
E8EF	26686	栾
E8F0	26698	桊
E8F1	26697	桉
E8F2	26665	栩
E8F3	26805	梵
E8F4	26767	梏
E8F5	26740	桴
E8F6	26743	桷
E8F7	26771	梓
E8F8	26731	桫
E8F9	26818	棂
E8FA	26990	楮
E8FB	26876	棼
E8FC	26911	椟
E8FD	26912	椠
E8FE	26873	棹
E9A1	26916	椤
E9A2	26864	棰
E9A3	26891	椋
E9A4	26881	椁
E9A5	26967	楗
E9A6	26851	棣
E9A7	26896	椐
E9A8	26993	楱
E9A9	26937	椹
E9AA	26976	楠
E9AB	26946	楂
E9AC	26973	楝
E9AD	27012	榄
E9AE	26987	楫
E9AF	27008	榀
E9B0	27032	榘
E9B1	27000	楸
E9B2	26932	椴
E9B3	27084	槌
E9B4	27015	榇
E9B5	27016	榈
E9B6	27086	槎
E9B7	27017	榉
E9B8	26982	楦
E9B9	26979	楣
E9BA	27001	楹
E9BB	27035	榛
E9BC	27047	榧
E9BD	27067	榻
E9BE	27051	榫
E9BF	27053	榭
E9C0	27092	槔
E9C1	27057	榱
E9C2	27073	槁
E9C3	27082	槊
E9C4	27103	槟
E9C5	27029	榕
E9C6	27104	槠
E9C7	27021	榍
E9C8	27135	槿
E9C9	27183	樯
E9CA	27117	槭
E9CB	27159	樗
E9CC	27160	樘
E9CD	27237	橥
E9CE	27122	槲
E9CF	27204	橄
E9D0	27198	樾
E9D1	27296	檠
E9D2	27216	橐
E9D3	27227	橛
E9D4	27189	樵
E9D5	27278	檎
E9D6	27257	橹
E9D7	27197	樽
E9D8	27176	樨
E9D9	27224	橘
E9DA	27260	橼
E9DB	27281	檑
E9DC	27280	檐
E9DD	27305	檩
E9DE	27287	檗
E9DF	27307	檫
E9E0	29495	猷
E9E1	29522	獒
E9E2	27521	殁
E9E3	27522	殂
E9E4	27527	殇
E9E5	27524	殄
E9E6	27538	殒
E9E7	27539	殓
E9E8	27533	殍
E9E9	27546	殚
E9EA	27547	殛
E9EB	27553	殡
E9EC	27562	殪
E9ED	36715	轫
E9EE	36717	轭
E9EF	36721	轱
E9F0	36722	轲
E9F1	36723	轳
E9F2	36725	轵
E9F3	36726	轶
E9F4	36728	轸
E9F5	36727	轷
E9F6	36729	轹
E9F7	36730	轺
E9F8	36732	轼
E9F9	36734	轾
E9FA	36737	辁
E9FB	36738	辂
E9FC	36740	辄
E9FD	36743	辇
E9FE	36747	辋
EAA1	36749	辍
EAA2	36750	辎
EAA3	36751	辏
EAA4	36760	辘
EAA5	36762	辚
EAA6	36558	軎
EAA7	25099	戋
EAA8	25111	戗
EAA9	25115	戛
EAAA	25119	戟
EAAB	25122	戢
EAAC	25121	戡
EAAD	25125	戥
EAAE	25124	戤
EAAF	25132	戬
EAB0	33255	臧
EAB1	29935	瓯
EAB2	29940	瓴
EAB3	29951	瓿
EAB4	29967	甏
EAB5	29969	甑
EAB6	29971	甓
EAB7	25908	攴
EAB8	26094	旮
EAB9	26095	旯
EABA	26096	旰
EABB	26122	昊
EABC	26137	昙
EABD	26482	杲
EABE	26115	昃
EABF	26133	昕
EAC0	26112	昀
EAC1	28805	炅
EAC2	26359	曷
EAC3	26141	昝
EAC4	26164	昴
EAC5	26161	昱
EAC6	26166	昶
EAC7	26165	昵
EAC8	32774	耆
EAC9	26207	晟
EACA	26196	晔
EACB	26177	晁
EACC	26191	晏
EACD	26198	晖
EACE	26209	晡
EACF	26199	晗
EAD0	26231	晷
EAD1	26244	暄
EAD2	26252	暌
EAD3	26279	暧
EAD4	26269	暝
EAD5	26302	暾
EAD6	26331	曛
EAD7	26332	曜
EAD8	26342	曦
EAD9	26345	曩
EADA	36146	贲
EADB	36147	贳
EADC	36150	贶
EADD	36155	贻
EADE	36157	贽
EADF	36160	赀
EAE0	36165	赅
EAE1	36166	赆
EAE2	36168	赈
EAE3	36169	赉
EAE4	36167	赇
EAE5	36173	赍
EAE6	36181	赕
EAE7	36185	赙
EAE8	35271	觇
EAE9	35274	觊
EAEA	35275	觋
EAEB	35276	觌
EAEC	35278	觎
EAED	35279	觏
EAEE	35280	觐
EAEF	35281	觑
EAF0	29294	牮
EAF1	29343	犟
EAF2	29277	牝
EAF3	29286	牦
EAF4	29295	牯
EAF5	29310	牾
EAF6	29311	牿
EAF7	29316	犄
EAF8	29323	犋
EAF9	29325	犍
EAFA	29327	犏
EAFB	29330	犒
EAFC	25352	挈
EAFD	25394	挲
EAFE	25520	掰
EBA1	25663	搿
EBA2	25816	擘
EBA3	32772	耄
EBA4	27626	毪
EBA5	27635	毳
EBA6	27645	毽
EBA7	27637	毵
EBA8	27641	毹
EBA9	27653	氅
EBAA	27655	氇
EBAB	27654	氆
EBAC	27661	氍
EBAD	27669	氕
EBAE	27672	氘
EBAF	27673	氙
EBB0	27674	氚
EBB1	27681	氡
EBB2	27689	氩
EBB3	27684	氤
EBB4	27690	氪
EBB5	27698	氲
EBB6	25909	攵
EBB7	25941	敕
EBB8	25963	敫
EBB9	29261	牍
EBBA	29266	牒
EBBB	29270	牖
EBBC	29232	爰
EBBD	34402	虢
EBBE	21014	刖
EBBF	32927	肟
EBC0	32924	肜
EBC1	32915	肓
EBC2	32956	肼
EBC3	26378	朊
EBC4	32957	肽
EBC5	32945	肱
EBC6	32939	肫
EBC7	32941	肭
EBC8	32948	肴
EBC9	32951	肷
EBCA	32999	胧
EBCB	33000	胨
EBCC	33001	胩
EBCD	33002	胪
EBCE	32987	胛
EBCF	32962	胂
EBD0	32964	胄
EBD1	32985	胙
EBD2	32973	胍
EBD3	32983	胗
EBD4	26384	朐
EBD5	32989	胝
EBD6	33003	胫
EBD7	33009	胱
EBD8	33012	胴
EBD9	33005	胭
EBDA	33037	脍
EBDB	33038	脎
EBDC	33010	胲
EBDD	33020	胼
EBDE	26389	朕
EBDF	33042	脒
EBE0	35930	豚
EBE1	33078	脶
EBE2	33054	脞
EBE3	33068	脬
EBE4	33048	脘
EBE5	33074	脲
EBE6	33096	腈
EBE7	33100	腌
EBE8	33107	腓
EBE9	33140	腴
EBEA	33113	腙
EBEB	33114	腚
EBEC	33137	腱
EBED	33120	腠
EBEE	33129	腩
EBEF	33148	腼
EBF0	33149	腽
EBF1	33133	腭
EBF2	33127	腧
EBF3	22605	塍
EBF4	23221	媵
EBF5	33160	膈
EBF6	33154	膂
EBF7	33169	膑
EBF8	28373	滕
EBF9	33187	膣
EBFA	33194	膪
EBFB	33228	臌
EBFC	26406	朦
EBFD	33226	臊
EBFE	33211	膻
ECA1	33217	臁
ECA2	33190	膦
ECA3	27428	欤
ECA4	27447	欷
ECA5	27449	欹
ECA6	27459	歃
ECA7	27462	歆
ECA8	27481	歙
ECA9	39121	飑
ECAA	39122	飒
ECAB	39123	飓
ECAC	39125	飕
ECAD	39129	飙
ECAE	39130	飚
ECAF	27571	殳
ECB0	24384	彀
ECB1	27586	毂
ECB2	35315	觳
ECB3	26000	斐
ECB4	40785	齑
ECB5	26003	斓
ECB6	26044	於
ECB7	26054	旆
ECB8	26052	旄
ECB9	26051	旃
ECBA	26060	旌
ECBB	26062	旎
ECBC	26066	旒
ECBD	26070	旖
ECBE	28800	炀
ECBF	28828	炜
ECC0	28822	炖
ECC1	28829	炝
ECC2	28859	炻
ECC3	28864	烀
ECC4	28855	炷
ECC5	28843	炫
ECC6	28849	炱
ECC7	28904	烨
ECC8	28874	烊
ECC9	28944	焐
ECCA	28947	焓
ECCB	28950	焖
ECCC	28975	焯
ECCD	28977	焱
ECCE	29043	煳
ECCF	29020	煜
ECD0	29032	煨
ECD1	28997	煅
ECD2	29042	煲
ECD3	29002	煊
ECD4	29048	煸
ECD5	29050	煺
ECD6	29080	熘
ECD7	29107	熳
ECD8	29109	熵
ECD9	29096	熨
ECDA	29088	熠
ECDB	29152	燠
ECDC	29140	燔
ECDD	29159	燧
ECDE	29177	燹
ECDF	29213	爝
ECE0	29224	爨
ECE1	28780	灬
ECE2	28952	焘
ECE3	29030	煦
ECE4	29113	熹
ECE5	25150	戾
ECE6	25149	戽
ECE7	25155	扃
ECE8	25160	扈
ECE9	25161	扉
ECEA	31035	礻
ECEB	31040	祀
ECEC	31046	祆
ECED	31049	祉
ECEE	31067	祛
ECEF	31068	祜
ECF0	31059	祓
ECF1	31066	祚
ECF2	31074	祢
ECF3	31063	祗
ECF4	31072	祠
ECF5	31087	祯
ECF6	31079	祧
ECF7	31098	祺
ECF8	31109	禅
ECF9	31114	禊
ECFA	31130	禚
ECFB	31143	禧
ECFC	31155	禳
ECFD	24529	忑
ECFE	24528	忐
EDA1	24636	怼
EDA2	24669	恝
EDA3	24666	恚
EDA4	24679	恧
EDA5	24641	恁
EDA6	24665	恙
EDA7	24675	恣
EDA8	24747	悫
EDA9	24838	愆
EDAA	24845	愍
EDAB	24925	慝
EDAC	25001	憩
EDAD	24989	憝
EDAE	25035	懋
EDAF	25041	懑
EDB0	25094	戆
EDB1	32896	肀
EDB2	32895	聿
EDB3	27795	沓
EDB4	27894	泶
EDB5	28156	淼
EDB6	30710	矶
EDB7	30712	矸
EDB8	30720	砀
EDB9	30729	砉
EDBA	30743	砗
EDBB	30744	砘
EDBC	30737	砑
EDBD	26027	斫
EDBE	30765	砭
EDBF	30748	砜
EDC0	30749	砝
EDC1	30777	砹
EDC2	30778	砺
EDC3	30779	砻
EDC4	30751	砟
EDC5	30780	砼
EDC6	30757	砥
EDC7	30764	砬
EDC8	30755	砣
EDC9	30761	砩
EDCA	30798	硎
EDCB	30829	硭
EDCC	30806	硖
EDCD	30807	硗
EDCE	30758	砦
EDCF	30800	硐
EDD0	30791	硇
EDD1	30796	硌
EDD2	30826	硪
EDD3	30875	碛
EDD4	30867	碓
EDD5	30874	碚
EDD6	30855	碇
EDD7	30876	碜
EDD8	30881	碡
EDD9	30883	碣
EDDA	30898	碲
EDDB	30905	碹
EDDC	30885	碥
EDDD	30932	磔
EDDE	30937	磙
EDDF	30921	磉
EDE0	30956	磬
EDE1	30962	磲
EDE2	30981	礅
EDE3	30964	磴
EDE4	30995	礓
EDE5	31012	礤
EDE6	31006	礞
EDE7	31028	礴
EDE8	40859	龛
EDE9	40697	黹
EDEA	40699	黻
EDEB	40700	黼
EDEC	30449	盱
EDED	30468	眄
EDEE	30477	眍
EDEF	30457	盹
EDF0	30471	眇
EDF1	30472	眈
EDF2	30490	眚
EDF3	30498	眢
EDF4	30489	眙
EDF5	30509	眭
EDF6	30502	眦
EDF7	30517	眵
EDF8	30520	眸
EDF9	30544	睐
EDFA	30545	睑
EDFB	30535	睇
EDFC	30531	睃
EDFD	30554	睚
EDFE	30568	睨
EEA1	30562	睢
EEA2	30565	睥
EEA3	30591	睿
EEA4	30605	瞍
EEA5	30589	睽
EEA6	30592	瞀
EEA7	30604	瞌
EEA8	30609	瞑
EEA9	30623	瞟
EEAA	30624	瞠
EEAB	30640	瞰
EEAC	30645	瞵
EEAD	30653	瞽
EEAE	30010	町
EEAF	30016	畀
EEB0	30030	畎
EEB1	30027	畋
EEB2	30024	畈
EEB3	30043	畛
EEB4	30066	畲
EEB5	30073	畹
EEB6	30083	疃
EEB7	32600	罘
EEB8	32609	罡
EEB9	32607	罟
EEBA	35400	詈
EEBB	32616	罨
EEBC	32628	罴
EEBD	32625	罱
EEBE	32633	罹
EEBF	32641	羁
EEC0	32638	罾
EEC1	30413	盍
EEC2	30437	盥
EEC3	34866	蠲
EEC4	38021	钅
EEC5	38022	钆
EEC6	38023	钇
EEC7	38027	钋
EEC8	38026	钊
EEC9	38028	钌
EECA	38029	钍
EECB	38031	钏
EECC	38032	钐
EECD	38036	钔
EECE	38039	钗
EECF	38037	钕
EED0	38042	钚
EED1	38043	钛
EED2	38044	钜
EED3	38051	钣
EED4	38052	钤
EED5	38059	钫
EED6	38058	钪
EED7	38061	钭
EED8	38060	钬
EED9	38063	钯
EEDA	38064	钰
EEDB	38066	钲
EEDC	38068	钴
EEDD	38070	钶
EEDE	38071	钷
EEDF	38072	钸
EEE0	38073	钹
EEE1	38074	钺
EEE2	38076	钼
EEE3	38077	钽
EEE4	38079	钿
EEE5	38084	铄
EEE6	38088	铈
EEE7	38089	铉
EEE8	38090	铊
EEE9	38091	铋
EEEA	38092	铌
EEEB	38093	铍
EEEC	38094	铎
EEED	38096	铐
EEEE	38097	铑
EEEF	38098	铒
EEF0	38101	铕
EEF1	38102	铖
EEF2	38103	铗
EEF3	38105	铙
EEF4	38104	铘
EEF5	38107	铛
EEF6	38110	铞
EEF7	38111	铟
EEF8	38112	铠
EEF9	38114	铢
EEFA	38116	铤
EEFB	38117	铥
EEFC	38119	铧
EEFD	38120	铨
EEFE	38122	铪
EFA1	38121	铩
EFA2	38123	铫
EFA3	38126	铮
EFA4	38127	铯
EFA5	38131	铳
EFA6	38132	铴
EFA7	38133	铵
EFA8	38135	铷
EFA9	38137	铹
EFAA	38140	铼
EFAB	38141	铽
EFAC	38143	铿
EFAD	38147	锃
EFAE	38146	锂
EFAF	38150	锆
EFB0	38151	锇
EFB1	38153	锉
EFB2	38154	锊
EFB3	38157	锍
EFB4	38158	锎
EFB5	38159	锏
EFB6	38162	锒
EFB7	38163	锓
EFB8	38164	锔
EFB9	38165	锕
EFBA	38166	锖
EFBB	38168	锘
EFBC	38171	锛
EFBD	38173	锝
EFBE	38174	锞
EFBF	38175	锟
EFC0	38178	锢
EFC1	38186	锪
EFC2	38187	锫
EFC3	38185	锩
EFC4	38188	锬
EFC5	38193	锱
EFC6	38194	锲
EFC7	38196	锴
EFC8	38198	锶
EFC9	38199	锷
EFCA	38200	锸
EFCB	38204	锼
EFCC	38206	锾
EFCD	38207	锿
EFCE	38210	镂
EFCF	38197	锵
EFD0	38212	镄
EFD1	38213	镅
EFD2	38214	镆
EFD3	38217	镉
EFD4	38220	镌
EFD5	38222	镎
EFD6	38223	镏
EFD7	38226	镒
EFD8	38227	镓
EFD9	38228	镔
EFDA	38230	镖
EFDB	38231	镗
EFDC	38232	镘
EFDD	38233	镙
EFDE	38235	镛
EFDF	38238	镞
EFE0	38239	镟
EFE1	38237	镝
EFE2	38241	镡
EFE3	38242	镢
EFE4	38244	镤
EFE5	38245	镥
EFE6	38246	镦
EFE7	38247	镧
EFE8	38248	镨
EFE9	38249	镩
EFEA	38250	镪
EFEB	38251	镫
EFEC	38252	镬
EFED	38255	镯
EFEE	38257	镱
EFEF	38258	镲
EFF0	38259	镳
EFF1	38202	锺
EFF2	30695	矧
EFF3	30700	矬
EFF4	38601	雉
EFF5	31189	秕
EFF6	31213	秭
EFF7	31203	秣
EFF8	31211	秫
EFF9	31238	稆
EFFA	23879	嵇
EFFB	31235	稃
EFFC	31234	稂
EFFD	31262	稞
EFFE	31252	稔
F0A1	31289	稹
F0A2	31287	稷
F0A3	31313	穑
F0A4	40655	黏
F0A5	39333	馥
F0A6	31344	穰
F0A7	30344	皈
F0A8	30350	皎
F0A9	30355	皓
F0AA	30361	皙
F0AB	30372	皤
F0AC	29918	瓞
F0AD	29920	瓠
F0AE	29996	甬
F0AF	40480	鸠
F0B0	40482	鸢
F0B1	40488	鸨
F0B2	40489	鸩
F0B3	40490	鸪
F0B4	40491	鸫
F0B5	40492	鸬
F0B6	40498	鸲
F0B7	40497	鸱
F0B8	40502	鸶
F0B9	40504	鸸
F0BA	40503	鸷
F0BB	40505	鸹
F0BC	40506	鸺
F0BD	40510	鸾
F0BE	40513	鹁
F0BF	40514	鹂
F0C0	40516	鹄
F0C1	40518	鹆
F0C2	40519	鹇
F0C3	40520	鹈
F0C4	40521	鹉
F0C5	40523	鹋
F0C6	40524	鹌
F0C7	40526	鹎
F0C8	40529	鹑
F0C9	40533	鹕
F0CA	40535	鹗
F0CB	40538	鹚
F0CC	40539	鹛
F0CD	40540	鹜
F0CE	40542	鹞
F0CF	40547	鹣
F0D0	40550	鹦
F0D1	40551	鹧
F0D2	40552	鹨
F0D3	40553	鹩
F0D4	40554	鹪
F0D5	40555	鹫
F0D6	40556	鹬
F0D7	40561	鹱
F0D8	40557	鹭
F0D9	40563	鹳
F0DA	30098	疒
F0DB	30100	疔
F0DC	30102	疖
F0DD	30112	疠
F0DE	30109	疝
F0DF	30124	疬
F0E0	30115	疣
F0E1	30131	疳
F0E2	30132	疴
F0E3	30136	疸
F0E4	30148	痄
F0E5	30129	疱
F0E6	30128	疰
F0E7	30147	痃
F0E8	30146	痂
F0E9	30166	痖
F0EA	30157	痍
F0EB	30179	痣
F0EC	30184	痨
F0ED	30182	痦
F0EE	30180	痤
F0EF	30187	痫
F0F0	30183	痧
F0F1	30211	瘃
F0F2	30193	痱
F0F3	30204	痼
F0F4	30207	痿
F0F5	30224	瘐
F0F6	30208	瘀
F0F7	30213	瘅
F0F8	30220	瘌
F0F9	30231	瘗
F0FA	30218	瘊
F0FB	30245	瘥
F0FC	30232	瘘
F0FD	30229	瘕
F0FE	30233	瘙
F1A1	30235	瘛
F1A2	30268	瘼
F1A3	30242	瘢
F1A4	30240	瘠
F1A5	30272	癀
F1A6	30253	瘭
F1A7	30256	瘰
F1A8	30271	瘿
F1A9	30261	瘵
F1AA	30275	癃
F1AB	30270	瘾
F1AC	30259	瘳
F1AD	30285	癍
F1AE	30302	癞
F1AF	30292	癔
F1B0	30300	癜
F1B1	30294	癖
F1B2	30315	癫
F1B3	30319	癯
F1B4	32714	翊
F1B5	31462	竦
F1B6	31352	穸
F1B7	31353	穹
F1B8	31360	窀
F1B9	31366	窆
F1BA	31368	窈
F1BB	31381	窕
F1BC	31398	窦
F1BD	31392	窠
F1BE	31404	窬
F1BF	31400	窨
F1C0	31405	窭
F1C1	31411	窳
F1C2	34916	衤
F1C3	34921	衩
F1C4	34930	衲
F1C5	34941	衽
F1C6	34943	衿
F1C7	34946	袂
F1C8	34978	袢
F1C9	35014	裆
F1CA	34999	袷
F1CB	35004	袼
F1CC	35017	裉
F1CD	35042	裢
F1CE	35022	裎
F1CF	35043	裣
F1D0	35045	裥
F1D1	35057	裱
F1D2	35098	褚
F1D3	35068	裼
F1D4	35048	裨
F1D5	35070	裾
F1D6	35056	裰
F1D7	35105	褡
F1D8	35097	褙
F1D9	35091	褓
F1DA	35099	褛
F1DB	35082	褊
F1DC	35124	褴
F1DD	35115	褫
F1DE	35126	褶
F1DF	35137	襁
F1E0	35174	襦
F1E1	35195	襻
F1E2	30091	疋
F1E3	32997	胥
F1E4	30386	皲
F1E5	30388	皴
F1E6	30684	矜
F1E7	32786	耒
F1E8	32788	耔
F1E9	32790	耖
F1EA	32796	耜
F1EB	32800	耠
F1EC	32802	耢
F1ED	32805	耥
F1EE	32806	耦
F1EF	32807	耧
F1F0	32809	耩
F1F1	32808	耨
F1F2	32817	耱
F1F3	32779	耋
F1F4	32821	耵
F1F5	32835	聃
F1F6	32838	聆
F1F7	32845	聍
F1F8	32850	聒
F1F9	32873	聩
F1FA	32881	聱
F1FB	35203	覃
F1FC	39032	顸
F1FD	39040	颀
F1FE	39043	颃
F2A1	39049	颉
F2A2	39052	颌
F2A3	39053	颍
F2A4	39055	颏
F2A5	39060	颔
F2A6	39066	颚
F2A7	39067	颛
F2A8	39070	颞
F2A9	39071	颟
F2AA	39073	颡
F2AB	39074	颢
F2AC	39077	颥
F2AD	39078	颦
F2AE	34381	虍
F2AF	34388	虔
F2B0	34412	虬
F2B1	34414	虮
F2B2	34431	虿
F2B3	34426	虺
F2B4	34428	虼
F2B5	34427	虻
F2B6	34472	蚨
F2B7	34445	蚍
F2B8	34443	蚋
F2B9	34476	蚬
F2BA	34461	蚝
F2BB	34471	蚧
F2BC	34467	蚣
F2BD	34474	蚪
F2BE	34451	蚓
F2BF	34473	蚩
F2C0	34486	蚶
F2C1	34500	蛄
F2C2	34485	蚵
F2C3	34510	蛎
F2C4	34480	蚰
F2C5	34490	蚺
F2C6	34481	蚱
F2C7	34479	蚯
F2C8	34505	蛉
F2C9	34511	蛏
F2CA	34484	蚴
F2CB	34537	蛩
F2CC	34545	蛱
F2CD	34546	蛲
F2CE	34541	蛭
F2CF	34547	蛳
F2D0	34512	蛐
F2D1	34579	蜓
F2D2	34526	蛞
F2D3	34548	蛴
F2D4	34527	蛟
F2D5	34520	蛘
F2D6	34513	蛑
F2D7	34563	蜃
F2D8	34567	蜇
F2D9	34552	蛸
F2DA	34568	蜈
F2DB	34570	蜊
F2DC	34573	蜍
F2DD	34569	蜉
F2DE	34595	蜣
F2DF	34619	蜻
F2E0	34590	蜞
F2E1	34597	蜥
F2E2	34606	蜮
F2E3	34586	蜚
F2E4	34622	蜾
F2E5	34632	蝈
F2E6	34612	蜴
F2E7	34609	蜱
F2E8	34601	蜩
F2E9	34615	蜷
F2EA	34623	蜿
F2EB	34690	螂
F2EC	34594	蜢
F2ED	34685	蝽
F2EE	34686	蝾
F2EF	34683	蝻
F2F0	34656	蝠
F2F1	34672	蝰
F2F2	34636	蝌
F2F3	34670	蝮
F2F4	34699	螋
F2F5	34643	蝓
F2F6	34659	蝣
F2F7	34684	蝼
F2F8	34660	蝤
F2F9	34649	蝙
F2FA	34661	蝥
F2FB	34707	螓
F2FC	34735	螯
F2FD	34728	螨
F2FE	34770	蟒
F3A1	34758	蟆
F3A2	34696	螈
F3A3	34693	螅
F3A4	34733	螭
F3A5	34711	螗
F3A6	34691	螃
F3A7	34731	螫
F3A8	34789	蟥
F3A9	34732	螬
F3AA	34741	螵
F3AB	34739	螳
F3AC	34763	蟋
F3AD	34771	蟓
F3AE	34749	螽
F3AF	34769	蟑
F3B0	34752	蟀
F3B1	34762	蟊
F3B2	34779	蟛
F3B3	34794	蟪
F3B4	34784	蟠
F3B5	34798	蟮
F3B6	34838	蠖
F3B7	34835	蠓
F3B8	34814	蟾
F3B9	34826	蠊
F3BA	34843	蠛
F3BB	34849	蠡
F3BC	34873	蠹
F3BD	34876	蠼
F3BE	32566	缶
F3BF	32578	罂
F3C0	32580	罄
F3C1	32581	罅
F3C2	33296	舐
F3C3	31482	竺
F3C4	31485	竽
F3C5	31496	笈
F3C6	31491	笃
F3C7	31492	笄
F3C8	31509	笕
F3C9	31498	笊
F3CA	31531	笫
F3CB	31503	笏
F3CC	31559	筇
F3CD	31544	笸
F3CE	31530	笪
F3CF	31513	笙
F3D0	31534	笮
F3D1	31537	笱
F3D2	31520	笠
F3D3	31525	笥
F3D4	31524	笤
F3D5	31539	笳
F3D6	31550	笾
F3D7	31518	笞
F3D8	31576	筘
F3D9	31578	筚
F3DA	31557	筅
F3DB	31605	筵
F3DC	31564	筌
F3DD	31581	筝
F3DE	31584	筠
F3DF	31598	筮
F3E0	31611	筻
F3E1	31586	筢
F3E2	31602	筲
F3E3	31601	筱
F3E4	31632	箐
F3E5	31654	箦
F3E6	31655	箧
F3E7	31672	箸
F3E8	31660	箬
F3E9	31645	箝
F3EA	31656	箨
F3EB	31621	箅
F3EC	31658	箪
F3ED	31644	箜
F3EE	31650	箢
F3EF	31659	箫
F3F0	31668	箴
F3F1	31697	篑
F3F2	31681	篁
F3F3	31692	篌
F3F4	31709	篝
F3F5	31706	篚
F3F6	31717	篥
F3F7	31718	篦
F3F8	31722	篪
F3F9	31756	簌
F3FA	31742	篾
F3FB	31740	篼
F3FC	31759	簏
F3FD	31766	簖
F3FE	31755	簋
F4A1	31775	簟
F4A2	31786	簪
F4A3	31782	簦
F4A4	31800	簸
F4A5	31809	籁
F4A6	31808	籀
F4A7	33278	臾
F4A8	33281	舁
F4A9	33282	舂
F4AA	33284	舄
F4AB	33260	臬
F4AC	34884	衄
F4AD	33313	舡
F4AE	33314	舢
F4AF	33315	舣
F4B0	33325	舭
F4B1	33327	舯
F4B2	33320	舨
F4B3	33323	舫
F4B4	33336	舸
F4B5	33339	舻
F4B6	33331	舳
F4B7	33332	舴
F4B8	33342	舾
F4B9	33348	艄
F4BA	33353	艉
F4BB	33355	艋
F4BC	33359	艏
F4BD	33370	艚
F4BE	33375	艟
F4BF	33384	艨
F4C0	34942	衾
F4C1	34949	袅
F4C2	34952	袈
F4C3	35032	裘
F4C4	35039	裟
F4C5	35166	襞
F4C6	32669	羝
F4C7	32671	羟
F4C8	32679	羧
F4C9	32687	羯
F4CA	32688	羰
F4CB	32690	羲
F4CC	31868	籼
F4CD	25929	敉
F4CE	31889	粑
F4CF	31901	粝
F4D0	31900	粜
F4D1	31902	粞
F4D2	31906	粢
F4D3	31922	粲
F4D4	31932	粼
F4D5	31933	粽
F4D6	31937	糁
F4D7	31943	糇
F4D8	31948	糌
F4D9	31949	糍
F4DA	31944	糈
F4DB	31941	糅
F4DC	31959	糗
F4DD	31976	糨
F4DE	33390	艮
F4DF	26280	暨
F4E0	32703	羿
F4E1	32718	翎
F4E2	32725	翕
F4E3	32741	翥
F4E4	32737	翡
F4E5	32742	翦
F4E6	32745	翩
F4E7	32750	翮
F4E8	32755	翳
F4E9	31992	糸
F4EA	32119	絷
F4EB	32166	綦
F4EC	32174	綮
F4ED	32327	繇
F4EE	32411	纛
F4EF	40632	麸
F4F0	40628	麴
F4F1	36211	赳
F4F2	36228	趄
F4F3	36244	趔
F4F4	36241	趑
F4F5	36273	趱
F4F6	36199	赧
F4F7	36205	赭
F4F8	35911	豇
F4F9	35913	豉
F4FA	37194	酊
F4FB	37200	酐
F4FC	37198	酎
F4FD	37199	酏
F4FE	37220	酤
F5A1	37218	酢
F5A2	37217	酡
F5A3	37232	酰
F5A4	37225	酩
F5A5	37231	酯
F5A6	37245	酽
F5A7	37246	酾
F5A8	37234	酲
F5A9	37236	酴
F5AA	37241	酹
F5AB	37260	醌
F5AC	37253	醅
F5AD	37264	醐
F5AE	37261	醍
F5AF	37265	醑
F5B0	37282	醢
F5B1	37283	醣
F5B2	37290	醪
F5B3	37293	醭
F5B4	37294	醮
F5B5	37295	醯
F5B6	37301	醵
F5B7	37300	醴
F5B8	37306	醺
F5B9	35925	豕
F5BA	40574	鹾
F5BB	36280	趸
F5BC	36331	跫
F5BD	36357	踅
F5BE	36441	蹙
F5BF	36457	蹩
F5C0	36277	趵
F5C1	36287	趿
F5C2	36284	趼
F5C3	36282	趺
F5C4	36292	跄
F5C5	36310	跖
F5C6	36311	跗
F5C7	36314	跚
F5C8	36318	跞
F5C9	36302	跎
F5CA	36303	跏
F5CB	36315	跛
F5CC	36294	跆
F5CD	36332	跬
F5CE	36343	跷
F5CF	36344	跸
F5D0	36323	跣
F5D1	36345	跹
F5D2	36347	跻
F5D3	36324	跤
F5D4	36361	踉
F5D5	36349	跽
F5D6	36372	踔
F5D7	36381	踝
F5D8	36383	踟
F5D9	36396	踬
F5DA	36398	踮
F5DB	36387	踣
F5DC	36399	踯
F5DD	36410	踺
F5DE	36416	蹀
F5DF	36409	踹
F5E0	36405	踵
F5E1	36413	踽
F5E2	36401	踱
F5E3	36425	蹉
F5E4	36417	蹁
F5E5	36418	蹂
F5E6	36433	蹑
F5E7	36434	蹒
F5E8	36426	蹊
F5E9	36464	蹰
F5EA	36470	蹶
F5EB	36476	蹼
F5EC	36463	蹯
F5ED	36468	蹴
F5EE	36485	躅
F5EF	36495	躏
F5F0	36500	躔
F5F1	36496	躐
F5F2	36508	躜
F5F3	36510	躞
F5F4	35960	豸
F5F5	35970	貂
F5F6	35978	貊
F5F7	35973	貅
F5F8	35992	貘
F5F9	35988	貔
F5FA	26011	斛
F5FB	35286	觖
F5FC	35294	觞
F5FD	35290	觚
F5FE	35292	觜
F6A1	35301	觥
F6A2	35307	觫
F6A3	35311	觯
F6A4	35390	訾
F6A5	35622	謦
F6A6	38739	靓
F6A7	38633	雩
F6A8	38643	雳
F6A9	38639	雯
F6AA	38662	霆
F6AB	38657	霁
F6AC	38664	霈
F6AD	38671	霏
F6AE	38670	霎
F6AF	38698	霪
F6B0	38701	霭
F6B1	38704	霰
F6B2	38718	霾
F6B3	40832	龀
F6B4	40835	龃
F6B5	40837	龅
F6B6	40838	龆
F6B7	40839	龇
F6B8	40840	龈
F6B9	40841	龉
F6BA	40842	龊
F6BB	40844	龌
F6BC	40702	黾
F6BD	40715	鼋
F6BE	40717	鼍
F6BF	38585	隹
F6C0	38588	隼
F6C1	38589	隽
F6C2	38606	雎
F6C3	38610	雒
F6C4	30655	瞿
F6C5	38624	雠
F6C6	37518	銎
F6C7	37550	銮
F6C8	37576	鋈
F6C9	37694	錾
F6CA	37738	鍪
F6CB	37834	鏊
F6CC	37775	鎏
F6CD	37950	鐾
F6CE	37995	鑫
F6CF	40063	鱿
F6D0	40066	鲂
F6D1	40069	鲅
F6D2	40070	鲆
F6D3	40071	鲇
F6D4	40072	鲈
F6D5	31267	稣
F6D6	40075	鲋
F6D7	40078	鲎
F6D8	40080	鲐
F6D9	40081	鲑
F6DA	40082	鲒
F6DB	40084	鲔
F6DC	40085	鲕
F6DD	40090	鲚
F6DE	40091	鲛
F6DF	40094	鲞
F6E0	40095	鲟
F6E1	40096	鲠
F6E2	40097	鲡
F6E3	40098	鲢
F6E4	40099	鲣
F6E5	40101	鲥
F6E6	40102	鲦
F6E7	40103	鲧
F6E8	40104	鲨
F6E9	40105	鲩
F6EA	40107	鲫
F6EB	40109	鲭
F6EC	40110	鲮
F6ED	40112	鲰
F6EE	40113	鲱
F6EF	40114	鲲
F6F0	40115	鲳
F6F1	40116	鲴
F6F2	40117	鲵
F6F3	40118	鲶
F6F4	40119	鲷
F6F5	40122	鲺
F6F6	40123	鲻
F6F7	40124	鲼
F6F8	40125	鲽
F6F9	40132	鳄
F6FA	40133	鳅
F6FB	40134	鳆
F6FC	40135	鳇
F6FD	40138	鳊
F6FE	40139	鳋
F7A1	40140	鳌
F7A2	40141	鳍
F7A3	40142	鳎
F7A4	40143	鳏
F7A5	40144	鳐
F7A6	40147	鳓
F7A7	40148	鳔
F7A8	40149	鳕
F7A9	40151	鳗
F7AA	40152	鳘
F7AB	40153	鳙
F7AC	40156	鳜
F7AD	40157	鳝
F7AE	40159	鳟
F7AF	40162	鳢
F7B0	38780	靼
F7B1	38789	鞅
F7B2	38801	鞑
F7B3	38802	鞒
F7B4	38804	鞔
F7B5	38831	鞯
F7B6	38827	鞫
F7B7	38819	鞣
F7B8	38834	鞲
F7B9	38836	鞴
F7BA	39601	骱
F7BB	39600	骰
F7BC	39607	骷
F7BD	40536	鹘
F7BE	39606	骶
F7BF	39610	骺
F7C0	39612	骼
F7C1	39617	髁
F7C2	39616	髀
F7C3	39621	髅
F7C4	39618	髂
F7C5	39627	髋
F7C6	39628	髌
F7C7	39633	髑
F7C8	39749	魅
F7C9	39747	魃
F7CA	39751	魇
F7CB	39753	魉
F7CC	39752	魈
F7CD	39757	魍
F7CE	39761	魑
F7CF	39144	飨
F7D0	39181	餍
F7D1	39214	餮
F7D2	39253	饕
F7D3	39252	饔
F7D4	39647	髟
F7D5	39649	髡
F7D6	39654	髦
F7D7	39663	髯
F7D8	39659	髫
F7D9	39675	髻
F7DA	39661	髭
F7DB	39673	髹
F7DC	39688	鬈
F7DD	39695	鬏
F7DE	39699	鬓
F7DF	39711	鬟
F7E0	39715	鬣
F7E1	40637	麽
F7E2	40638	麾
F7E3	32315	縻
F7E4	40578	麂
F7E5	40583	麇
F7E6	40584	麈
F7E7	40587	麋
F7E8	40594	麒
F7E9	37846	鏖
F7EA	40605	麝
F7EB	40607	麟
F7EC	40667	黛
F7ED	40668	黜
F7EE	40669	黝
F7EF	40672	黠
F7F0	40671	黟
F7F1	40674	黢
F7F2	40681	黩
F7F3	40679	黧
F7F4	40677	黥
F7F5	40682	黪
F7F6	40687	黯
F7F7	40738	鼢
F7F8	40748	鼬
F7F9	40751	鼯
F7FA	40761	鼹
F7FB	40759	鼷
F7FC	40765	鼽
F7FD	40766	鼾
F7FE	40772	齄
